indic_bt,nace_r2,s_adj,unit,geo\time	2022 	2021 	2020 	2019 	2018 	2017 	2016 	2015 	2014 	2013 	2012 	2011 	2010 	2009 	2008 	2007 	2006 	2005 	2004 	2003 	2002 	2001 	2000 	1999 	1998 	1997 	1996 	1995 	1994 	1993 	1992 	1991 	1990 
EMPL,F,NSA,I10,AL	: 	: 	: 	: 	: 	: 	123.0 	115.8 	103.9 	88.6 	94.2 	91.2 	100.0 	103.7 	97.3 	74.1 	76.7 	76.9 	: 	: 	: 	: 	: 	: 	: 	: 	: 	: 	: 	: 	: 	: 	: 
EMPL,F,NSA,I10,AT	: 	: 	: 	: 	: 	103.3 p	101.0 	100.9 	102.4 	103.9 	104.0 	102.2 	100.0 	101.0 	98.2 	99.1 	97.3 	96.7 	97.8 	98.5 	94.5 	97.9 	103.3 	104.8 	109.5 	101.1 	102.1 	: 	: 	: 	: 	: 	: 
EMPL,F,NSA,I10,BE	: 	: 	: 	: 	: 	: 	101.9 p	100.2 	100.8 	102.3 	103.3 	102.4 	100.0 	98.7 	98.8 	95.6 	91.5 	87.9 	86.2 	88.2 	83.4 	83.4 	63.2 	: 	: 	: 	: 	: 	: 	: 	: 	: 	: 
EMPL,F,NSA,I10,BG	: 	: 	: 	: 	: 	70.3 p	71.4 p	74.9 p	81.9 	78.7 	81.9 	88.7 	100.0 	129.0 	144.0 	111.6 	100.7 	87.4 	72.7 	62.9 	57.4 	57.1 	59.4 	: 	: 	: 	: 	: 	: 	: 	: 	: 	: 
EMPL,F,NSA,I10,CH	: 	: 	: 	: 	: 	103.5 	103.9 	105.1 	105.0 	104.1 	102.6 	100.7 	100.0 	98.0 	98.0 	96.8 	93.5 	91.6 	90.3 	90.3 	90.2 	90.1 	89.0 	88.0 	89.1 	: 	: 	: 	: 	: 	: 	: 	: 
EMPL,F,NSA,I10,CY	: 	: 	: 	: 	: 	: 	62.0 	58.6 	58.6 	64.7 	81.0 	94.2 	100.0 	104.9 	109.0 	97.4 	89.8 	85.4 	80.5 	76.0 	69.2 	66.1 	63.4 	: 	: 	: 	: 	: 	: 	: 	: 	: 	: 
EMPL,F,NSA,I10,CZ	: 	: 	: 	: 	: 	: 	90.5 	92.4 	90.7 	92.3 	97.0 	97.7 	100.0 	99.1 	101.3 	100.4 	99.2 	97.2 	96.7 	94.8 	93.9 	97.5 	98.3 	: 	: 	: 	: 	: 	: 	: 	: 	: 	: 
EMPL,F,NSA,I10,DE	: 	: 	: 	: 	: 	109.7 p	108.1 	107.0 	107.2 	105.7 	104.6 	103.5 	100.0 	98.0 	96.8 	96.1 	94.6 	94.4 	101.0 s	107.2 s	115.9 s	125.7 s	138.2 s	: 	: 	: 	: 	: 	: 	: 	: 	: 	: 
EMPL,F,NSA,I10,DK	: 	: 	: 	: 	: 	112.9 p	109.2 	105.4 	102.1 	99.2 	100.7 	100.6 	100.0 	110.2 	124.6 	: c	: c	: c	: c	: c	: c	: c	: c	: c	: c	: c	: c	: c	: 	: 	: 	: 	: 
EMPL,F,NSA,I10,EA19	: 	: 	: 	: 	: 	86.3 s	84.8 	84.8 	85.7 	87.4 	91.7 	96.2 	100.0 	105.0 	114.0 	115.6 	110.4 	107.0 	105.1 	103.4 	102.3 	101.9 	100.5 	: 	: 	: 	: 	: 	: 	: 	: 	: 	: 
EMPL,F,NSA,I10,EE	: 	: 	: 	: 	: 	122.0 	115.1 	116.5 	109.3 	112.6 	112.3 	100.2 	100.0 	122.4 	145.7 	145.0 	124.4 	108.2 	99.6 	93.1 	89.8 	83.6 	86.4 	87.1 	91.9 	: 	: 	: 	: 	: 	: 	: 	: 
EMPL,F,NSA,I10,EL	: 	: 	: 	: 	: 	85.6 	81.7 	68.9 	91.3 	77.8 	77.6 	82.8 	100.0 	110.9 	112.3 	108.0 	105.2 	106.4 	99.5 	98.2 	90.6 	87.1 	85.2 	: 	: 	: 	: 	: 	: 	: 	: 	: 	: 
EMPL,F,NSA,I10,ES	: 	: 	: 	: 	: 	68.3 	65.0 	65.0 	60.2 	62.4 	70.3 	85.0 	100.0 	114.5 	149.0 	163.5 	154.1 	142.9 	136.6 	127.4 	120.0 	113.7 	104.4 	: 	: 	: 	: 	: 	: 	: 	: 	: 	: 
EMPL,F,NSA,I10,EU28	: 	: 	: 	: 	: 	91.1 s	89.4 	88.9 	89.3 	90.6 	94.5 	97.5 	100.0 	105.7 	113.3 	113.3 	108.5 	104.6 	101.7 	100.6 	100.5 	101.4 	100.8 	: 	: 	: 	: 	: 	: 	: 	: 	: 	: 
EMPL,F,NSA,I10,FI	: 	: 	: 	: 	: 	107.6 	102.6 	97.7 	98.1 	102.4 	102.1 	102.4 	100.0 	101.9 	108.0 	102.6 	96.3 	93.8 	86.9 	88.4 	85.8 	84.1 	86.3 	: 	: 	: 	: 	: 	: 	: 	: 	: 	: 
EMPL,F,NSA,I10,FR	: 	: 	: 	: 	: 	90.4 	90.2 	91.3 	94.3 	96.6 	98.5 	99.3 	100.0 	101.9 	104.0 	101.6 	97.3 	93.0 	90.5 	88.7 	88.4 	87.7 	85.1 	81.7 	80.0 	80.0 	81.8 	84.5 	84.5 	86.1 	91.2 	94.4 	95.2 
EMPL,F,NSA,I10,HR	: 	: 	: 	: 	: 	75.0 p	77.9 	75.4 	79.1 	81.1 	85.4 	92.5 	100.0 	115.3 	118.9 	110.7 	103.7 	94.1 	90.5 	86.4 	79.2 	72.5 	71.9 	: 	: 	: 	: 	: 	: 	: 	: 	: 	: 
EMPL,F,NSA,I10,HU	: 	: 	: 	: 	: 	102.4 p	98.8 p	95.4 p	94.3 	92.5 	95.6 	98.2 	100.0 	99.8 	108.5 	114.4 	123.0 	115.5 	112.5 	107.0 	105.0 	101.9 	100.6 	: 	: 	: 	: 	: 	: 	: 	: 	: 	: 
EMPL,F,NSA,I10,IE	: 	: 	: 	: 	: 	: 	129.4 	113.9 	98.4 	89.5 	91.6 	99.1 	98.0 	128.3 	207.6 	227.2 	218.7 	198.0 	171.9 	156.1 	149.9 	147.1 	136.6 	: 	: 	: 	: 	: 	: 	: 	: 	: 	: 
EMPL,F,NSA,I10,IS	: 	: 	: 	: 	: 	157.7 p	134.8 p	115.2 p	104.8 p	97.0 p	90.6 p	92.1 p	100.0 p	119.6 p	199.2 p	: 	: 	: 	: 	: 	: 	: 	: 	: 	: 	: 	: 	: 	: 	: 	: 	: 	: 
EMPL,F,NSA,I10,IT	: 	: 	: 	: 	: 	: c	: c	: c	: c	: c	: c	: c	: c	: c	: c	: c	: c	: c	: c	: c	: c	: c	: c	: 	: 	: 	: 	: 	: 	: 	: 	: 	: 
EMPL,F,NSA,I10,LT	: 	: 	: 	: 	: 	112.7 	110.7 	116.2 	110.8 	105.2 	103.8 	103.8 	100.0 	121.6 	154.7 	143.1 	120.3 	109.1 	104.8 	100.6 	92.6 	80.7 	82.1 	96.5 	103.6 	: 	: 	: 	: 	: 	: 	: 	: 
EMPL,F,NSA,I10,LU	: 	: 	: 	: 	: 	98.2 	95.2 	93.9 	94.3 	94.1 	96.8 	98.6 	100.0 	100.5 	102.1 	101.2 	101.0 	99.8 	99.0 	98.5 	97.3 	94.5 	91.3 	: 	: 	: 	: 	: 	: 	: 	: 	: 	: 
EMPL,F,NSA,I10,LV	: 	: 	: 	: 	: 	: 	120.6 	129.8 	132.6 	132.5 	120.2 	108.9 	100.0 	123.2 	194.3 	196.0 	152.9 	131.4 	114.0 	100.1 	94.1 	91.5 	87.3 	: 	: 	: 	: 	: 	: 	: 	: 	: 	: 
EMPL,F,NSA,I10,ME	: 	: 	: 	: 	: 	133.5 	126.0 	115.9 	112.4 	105.5 	104.2 	100.3 	100.0 	126.5 e	111.7 e	84.1 e	86.7 e	95.7 e	87.1 e	82.5 e	78.0 e	85.6 e	85.4 e	: 	: 	: 	: 	: 	: 	: 	: 	: 	: 
EMPL,F,NSA,I10,MK	: 	: 	: 	: 	: 	168.2 	173.3 	161.5 	146.4 	136.4 	106.5 	110.3 	100.0 	98.5 	99.2 	108.3 	: 	: 	: 	: 	: 	: 	: 	: 	: 	: 	: 	: 	: 	: 	: 	: 	: 
EMPL,F,NSA,I10,MT	: 	: 	: 	: 	: 	94.1 p	94.7 p	93.8 	85.2 	84.6 	91.6 	95.1 	100.0 	108.1 	116.3 	119.3 	113.4 	113.1 	123.4 	132.8 	138.0 	127.9 	120.2 	: 	: 	: 	: 	: 	: 	: 	: 	: 	: 
EMPL,F,NSA,I10,NL	: 	: 	: 	: 	: 	: c	79.3 p	79.6 	81.1 	86.1 	94.3 	98.1 	100.0 	103.6 	106.2 	105.6 	104.2 	104.1 	105.2 	108.6 	113.8 	115.2 	113.0 	109.9 	106.5 	104.2 	101.5 	100.2 	: 	: 	: 	: 	: 
EMPL,F,NSA,I10,NO	: 	: 	: 	: 	: 	127.3 p	121.8 p	118.1 	115.3 	112.7 	109.5 	103.7 	100.0 	101.5 	106.0 	103.1 	94.4 	86.9 	82.9 	80.9 	75.6 	73.6 	71.9 	: 	: 	: 	: 	: 	: 	: 	: 	: 	: 
EMPL,F,NSA,I10,PL	: 	: 	: 	: 	: 	90.1 	88.1 	89.0 	94.3 	101.8 	109.6 	107.6 	100.0 	98.7 	95.0 	91.1 	84.8 	80.6 	74.3 	82.9 	97.8 	109.9 	119.3 	: 	: 	: 	: 	: 	: 	: 	: 	: 	: 
EMPL,F,NSA,I10,PT	: 	: 	: 	: 	: 	55.5 	54.3 	56.6 	59.1 	64.6 	76.7 	89.3 	100.0 	110.6 	122.9 	128.6 	134.6 	142.8 	133.2 	136.9 	147.9 	148.0 	143.0 	: 	: 	: 	: 	: 	: 	: 	: 	: 	: 
EMPL,F,NSA,I10,RO	: 	: 	: 	: 	: 	112.0 	113.1 	107.7 	101.9 	104.2 	106.9 	99.4 	100.0 	117.4 	138.9 p	129.3 p	114.7 p	113.5 p	102.4 p	106.5 p	102.3 p	108.1 p	105.4 p	: 	: 	: 	: 	: 	: 	: 	: 	: 	: 
EMPL,F,NSA,I10,RS	: 	: 	: 	: 	: 	82.8 p	81.8 	81.8 	82.5 e	86.1 e	91.1 e	95.8 e	100.0 e	110.8 e	128.0 e	126.5 e	126.0 e	125.8 e	123.1 e	122.6 e	123.4 e	124.2 e	123.8 e	: 	: 	: 	: 	: 	: 	: 	: 	: 	: 
EMPL,F,NSA,I10,SE	: 	: 	: 	: 	: 	128.9 	124.4 	118.1 	113.1 	112.9 	112.2 	107.7 	100.0 	100.6 	99.6 	94.9 	88.3 	82.2 	80.2 	81.7 	81.5 	82.2 	79.3 	: 	: 	: 	: 	: 	: 	: 	: 	: 	: 
EMPL,F,NSA,I10,SI	: 	: 	: 	: 	: 	71.0 	68.6 	69.1 	68.7 	69.1 	78.2 	86.1 	97.0 	110.5 	112.0 	99.8 	88.5 	83.5 	79.7 	81.0 	81.5 	81.9 	81.5 	: 	: 	: 	: 	: 	: 	: 	: 	: 	: 
EMPL,F,NSA,I10,SK	: 	: 	: 	: 	: 	89.8 p	87.7 	86.6 	87.3 	88.3 	92.0 	96.4 	100.0 	102.7 	100.7 	92.3 	87.1 	79.7 	74.5 	72.6 	69.8 	68.7 	70.4 	76.2 p	84.2 p	83.3 p	83.2 p	85.3 p	: 	: 	: 	: 	: 
EMPL,F,NSA,I10,TR	: 	: 	: 	: 	: 	67.1 	73.9 	80.0 	87.2 	98.5 	104.0 	102.8 	100.0 	97.5 	121.1 	128.0 	127.5 	110.6 	: 	: 	: 	: 	: 	: 	: 	: 	: 	: 	: 	: 	: 	: 	: 
EMPL,F,NSA,I10,UK	: 	: 	: 	: 	: 	: 	106.6 	103.9 	100.1 	96.6 	96.6 	98.0 	100.0 	111.5 	114.8 	114.8 	114.2 	110.0 	105.5 	102.8 	102.6 	104.1 	103.1 	99.6 	98.1 	89.3 	81.7 	: 	: 	: 	: 	: 	: 
EMPL,F,NSA,I15,AL	126.8 	123.0 	118.9 	115.8 	113.5 	109.2 	106.2 	100.0 	89.8 	76.6 	81.3 	78.8 	86.4 	89.6 	84.1 	64.0 	66.2 	66.4 	: 	: 	: 	: 	: 	: 	: 	: 	: 	: 	: 	: 	: 	: 	: 
EMPL,F,NSA,I15,AT	122.2 	119.5 	115.1 	113.2 	107.7 	103.1 	100.3 	100.0 	101.4 	103.0 	103.1 	101.3 	99.1 	100.1 	97.3 	98.2 	96.4 	95.8 	96.9 	97.6 	93.6 	97.0 	102.4 	103.8 	108.5 	100.2 	101.2 	: 	: 	: 	: 	: 	: 
EMPL,F,NSA,I15,BE	: c	112.6 p	108.0 	109.2 	106.4 	103.6 	101.4 	100.0 	100.6 	102.0 	103.1 	102.2 	99.8 	98.5 	98.6 	95.3 	91.3 	87.7 	86.0 	88.0 	83.2 	83.2 	80.8 	: 	: 	: 	: 	: 	: 	: 	: 	: 	: 
EMPL,F,NSA,I15,BG	90.2 p	93.5 p	101.5 	103.2 	100.2 	99.4 	95.8 	100.0 	101.8 	97.9 	101.9 	110.3 	124.4 	160.5 	179.0 	138.8 	125.3 	108.7 	90.5 	78.2 	71.4 	71.0 	73.8 	: 	: 	: 	: 	: 	: 	: 	: 	: 	: 
EMPL,F,NSA,I15,CH	105.8 e	103.6 e	103.2 e	103.2 e	101.6 e	100.4 e	99.8 e	100.0 e	99.7 e	98.8 e	97.4 e	95.6 e	94.9 e	93.1 e	93.1 e	91.9 e	88.8 e	87.0 e	85.8 e	85.8 e	85.6 e	85.5 e	84.5 e	83.6 e	84.6 e	: 	: 	: 	: 	: 	: 	: 	: 
EMPL,F,NSA,I15,CY	168.6 	164.4 	161.0 	155.1 	141.5 	124.2 	108.0 	100.0 	100.5 	111.7 	140.4 	164.3 	175.2 	183.1 	189.9 	169.9 	157.3 	149.2 	140.6 	132.9 	120.9 	115.2 	110.4 	: 	: 	: 	: 	: 	: 	: 	: 	: 	: 
EMPL,F,NSA,I15,CZ	96.7 	98.0 	102.3 	101.8 	100.0 	98.6 	97.3 	100.0 	98.2 	99.9 	105.0 	105.8 	108.2 	107.3 	109.7 	108.6 	107.4 	105.2 	104.7 	102.6 	101.7 	105.5 	106.5 	: 	: 	: 	: 	: 	: 	: 	: 	: 	: 
EMPL,F,NSA,I15,DE	111.5 p	110.7 	109.1 	107.7 	105.8 	103.7 	101.4 	100.0 	100.2 	98.8 	97.7 	96.7 	93.4 	91.6 	90.4 	89.8 	88.4 	88.2 	93.9 	101.0 	110.4 	119.8 	130.4 	: 	: 	: 	: 	: 	: 	: 	: 	: 	: 
EMPL,F,NSA,I15,DK	126.8 p	122.9 	117.7 	114.2 	112.1 	107.8 	103.9 	100.0 	96.8 	94.3 	106.0 	106.1 	105.5 	116.2 	131.5 	: c	: c	: c	: c	: c	: c	: c	: c	: c	: c	: c	: c	: c	: 	: 	: 	: 	: 
EMPL,F,NSA,I15,EA19	114.9 	112.0 	108.9 	108.4 	105.9 	102.6 	100.5 	100.0 	100.8 	102.7 	107.5 	112.5 	116.6 	122.2 	132.5 	134.4 	128.7 	124.9 	122.8 	121.7 	121.5 	121.7 	121.2 	118.7 s	118.2 s	: 	: 	: 	: 	: 	: 	: 	: 
EMPL,F,NSA,I15,EA20	115.0 	112.2 	109.1 	108.5 	105.9 	102.6 	100.5 	100.0 	100.8 	102.7 	107.5 	112.6 	116.7 	122.5 	132.7 	134.4 	128.7 	124.8 	122.7 	121.5 	121.2 	121.3 	120.8 	: 	: 	: 	: 	: 	: 	: 	: 	: 	: 
EMPL,F,NSA,I15,EE	121.1 	114.9 	108.5 	114.3 	110.4 	105.1 	98.8 	100.0 	93.8 	96.7 	96.3 	86.0 	85.8 	105.0 	125.0 	124.4 	106.8 	92.8 	85.4 	79.9 	77.1 	71.7 	74.2 	74.7 	78.9 	: 	: 	: 	: 	: 	: 	: 	: 
EMPL,F,NSA,I15,EL	77.0 	79.7 	95.1 	105.4 	131.2 	124.3 	118.6 	100.0 	132.6 	113.0 	112.7 	120.3 	145.3 	161.0 	163.1 	156.8 	152.8 	154.5 	144.5 	142.7 	131.6 	126.5 	123.8 	: 	: 	: 	: 	: 	: 	: 	: 	: 	: 
EMPL,F,NSA,I15,ES	123.1 	120.3 	115.9 	119.0 	113.8 	105.1 	100.0 	100.0 	92.5 	95.9 	108.2 	130.8 	153.8 	176.0 	229.1 	251.4 	237.0 	219.7 	210.0 	195.9 	184.6 	174.9 	160.6 	: 	: 	: 	: 	: 	: 	: 	: 	: 	: 
EMPL,F,NSA,I15,EU27_2020	115.5 	112.9 	110.3 	109.6 	106.4 	102.8 	100.7 	100.0 	100.7 	102.8 	107.7 	111.3 	113.9 	119.5 	128.4 	128.3 	122.5 	118.3 	115.3 	115.0 	115.8 	117.2 	117.5 	: 	: 	: 	: 	: 	: 	: 	: 	: 	: 
EMPL,F,NSA,I15,EU28	: 	: 	: 	109.1 	106.3 	103.3 	100.9 	100.0 	100.2 	101.7 	105.9 	109.3 	111.8 	117.9 	126.3 	126.3 	121.1 	117.0 	113.9 	113.1 	113.6 	115.0 	115.3 	112.6 s	111.6 s	107.0 s	104.5 s	: 	: 	: 	: 	: 	: 
EMPL,F,NSA,I15,FI	106.2 	109.3 	112.8 	112.8 	116.3 	110.3 	105.0 	100.0 	100.1 	103.5 	103.1 	103.8 	101.1 	102.7 b	108.9 	103.4 	97.0 	94.5 	87.5 	89.1 	86.4 	84.8 	87.0 	: 	: 	: 	: 	: 	: 	: 	: 	: 	: 
EMPL,F,NSA,I15,FR	113.9 p	112.4 p	108.0 p	105.7 	101.8 	99.7 	98.9 	100.0 	103.6 	106.1 	108.2 	109.0 	109.8 	111.8 	114.1 	111.5 	106.8 	102.1 	99.3 	97.4 	97.0 	96.3 	93.4 	89.7 	87.9 	87.9 	89.9 	92.9 	93.0 	94.7 	100.3 	103.9 	104.7 
EMPL,F,NSA,I15,HR	129.3 	128.9 	123.1 	115.3 	107.6 	102.3 	98.8 	100.0 	100.4 	102.9 	108.4 	117.4 	126.9 	146.3 	150.9 	140.4 	131.6 	119.5 	114.8 	109.6 	100.5 	91.2 	91.2 	: 	: 	: 	: 	: 	: 	: 	: 	: 	: 
EMPL,F,NSA,I15,HU	152.0 	145.0 	137.0 	139.2 	117.1 	107.3 	103.5 	100.0 	98.8 	96.9 	100.2 	102.9 	104.8 	104.5 	113.7 	119.9 	128.8 	121.0 	117.9 	112.1 	110.0 	106.8 	105.4 	: 	: 	: 	: 	: 	: 	: 	: 	: 	: 
EMPL,F,NSA,I15,IE	169.7 p	143.4 	139.1 	146.0 	138.6 	123.6 	114.2 	100.0 	85.2 	76.3 	76.0 	82.1 	89.1 	124.8 	182.5 	199.6 	192.1 	174.0 	151.1 	137.2 	131.7 	129.3 	120.1 	: 	: 	: 	: 	: 	: 	: 	: 	: 	: 
EMPL,F,NSA,I15,IS	168.5 	150.1 	142.6 	153.9 	150.5 	136.8 	117.0 	100.0 	91.1 	84.3 	78.7 	80.0 	87.0 	104.0 	173.3 	: 	: 	: 	: 	: 	: 	: 	: 	: 	: 	: 	: 	: 	: 	: 	: 	: 	: 
EMPL,F,NSA,I15,IT	116.3 p	108.0 p	101.6 	99.3 	98.3 	98.2 	99.7 	100.0 	103.3 	109.4 	119.4 	126.0 	130.0 	134.2 	138.9 	138.3 	128.7 	127.2 	125.0 	118.7 	110.0 	105.7 	102.3 	: 	: 	: 	: 	: 	: 	: 	: 	: 	: 
EMPL,F,NSA,I15,LT	101.1 	103.8 	101.8 	103.0 	101.1 	96.9 	95.3 	100.0 	95.4 	90.5 	89.4 	89.4 	86.1 	104.7 	133.1 	123.2 	103.5 	93.8 	90.2 	86.6 	79.7 	69.4 	70.6 	83.1 	89.2 	: 	: 	: 	: 	: 	: 	: 	: 
EMPL,F,NSA,I15,LU	106.5 p	106.4 	106.1 	109.7 	107.1 	104.8 	101.6 	100.0 	100.4 	100.1 	103.1 	105.0 	106.4 	107.0 	108.7 	107.7 	107.5 	106.3 	105.4 	104.9 	103.5 	100.5 	97.2 	: 	: 	: 	: 	: 	: 	: 	: 	: 	: 
EMPL,F,NSA,I15,LV	100.2 	104.8 	104.6 	108.0 	104.1 	96.9 	92.9 	100.0 	102.2 	102.1 	92.6 	83.9 	77.0 	94.9 	149.7 	151.0 	117.8 	101.3 	87.8 	77.1 	72.5 	70.5 	67.3 	: 	: 	: 	: 	: 	: 	: 	: 	: 	: 
EMPL,F,NSA,I15,ME	167.7 	136.4 	119.7 	150.9 	129.6 	115.3 	108.8 	100.0 	97.0 	91.0 	89.9 	86.6 	86.3 	109.1 e	96.4 e	72.6 e	74.8 e	82.6 e	75.1 e	71.2 e	67.3 e	73.8 e	73.7 e	: 	: 	: 	: 	: 	: 	: 	: 	: 	: 
EMPL,F,NSA,I15,MK	81.0 	87.0 	86.2 	89.1 	99.0 	104.1 	107.3 	100.0 	90.6 	84.4 	66.0 	68.3 	61.9 	61.0 	61.4 	67.1 	: 	: 	: 	: 	: 	: 	: 	: 	: 	: 	: 	: 	: 	: 	: 	: 	: 
EMPL,F,NSA,I15,MT	96.1 p	95.2 p	95.0 	90.3 	85.1 	86.0 	101.4 	100.0 	90.8 	90.2 	97.7 	101.4 	106.6 	115.2 	123.9 	127.2 	120.8 	120.6 	131.5 	141.6 	147.1 	136.3 	128.1 	: 	: 	: 	: 	: 	: 	: 	: 	: 	: 
EMPL,F,NSA,I15,NL	: c	114.7 p	112.1 p	109.9 	106.3 	102.7 	99.7 	100.0 	101.9 	108.1 	118.5 	123.2 	125.6 	130.1 	133.4 	132.6 	130.9 	130.7 	132.0 	136.3 	142.9 	144.5 	141.9 	137.9 	133.7 	130.8 	127.4 	125.8 	: 	: 	: 	: 	: 
EMPL,F,NSA,I15,NO	119.9 p	114.7 p	113.9 	114.2 	110.8 	107.0 	102.7 	100.0 	97.7 	95.6 	92.8 	87.9 	84.7 	86.0 	89.8 	87.4 	80.0 	73.8 	70.5 	69.1 	64.9 	63.4 	62.1 	: 	: 	: 	: 	: 	: 	: 	: 	: 	: 
EMPL,F,NSA,I15,PL	111.7 	110.8 	111.4 	111.0 	105.7 	101.3 	99.1 	100.0 	106.0 	114.5 	123.2 	120.9 	112.4 	111.0 	106.9 	102.3 	95.4 	90.6 	83.5 	93.1 	110.0 	123.6 	134.1 	: 	: 	: 	: 	: 	: 	: 	: 	: 	: 
EMPL,F,NSA,I15,PT	105.7 	103.6 	101.8 	102.1 	99.9 	97.7 	96.0 	100.0 	104.3 	114.2 	135.5 	157.8 	176.7 	195.5 	217.1 	227.2 	237.7 	252.3 	235.3 	241.8 	261.3 	261.6 	252.6 	: 	: 	: 	: 	: 	: 	: 	: 	: 	: 
EMPL,F,NSA,I15,RO	129.5 	126.4 	120.2 	116.3 	110.6 	104.1 	105.0 	100.0 	94.6 	96.8 	99.3 	92.3 	92.9 	109.1 	129.0 	120.1 	106.5 	105.4 	95.1 	98.9 	95.0 	100.4 	97.9 	: 	: 	: 	: 	: 	: 	: 	: 	: 	: 
EMPL,F,NSA,I15,RS	139.5 p	137.1 	130.8 	119.9 	109.3 	101.2 	100.0 	100.0 	100.9 	105.3 	111.3 	117.2 	122.3 	135.4 	156.5 	154.6 	154.0 	153.8 	150.6 	149.9 	150.8 	151.8 	151.3 	: 	: 	: 	: 	: 	: 	: 	: 	: 	: 
EMPL,F,NSA,I15,SE	125.2 	121.3 	119.0 	117.7 	114.9 	109.2 	105.4 	100.0 	96.5 	95.6 	96.1 	91.2 	84.7 	85.2 	84.4 	80.4 	74.8 	69.6 	67.9 	69.2 	69.1 	69.6 	67.2 	: 	: 	: 	: 	: 	: 	: 	: 	: 	: 
EMPL,F,NSA,I15,SI	135.6 	125.8 	120.5 	117.6 	107.5 	102.6 	99.2 	100.0 	99.4 	99.9 	110.1 	124.9 	144.6 	159.8 	161.9 	144.3 	127.9 	120.8 	115.3 	117.2 	117.9 	116.5 	117.8 	: 	: 	: 	: 	: 	: 	: 	: 	: 	: 
EMPL,F,NSA,I15,SK	105.1 	103.2 	107.3 	114.1 	107.2 	103.7 	101.2 	100.0 	100.8 	102.0 	106.3 	111.3 	115.5 	118.6 	116.3 	106.6 	100.6 	92.0 	86.1 	83.8 	80.6 	79.3 	81.2 	88.0 	97.2 	96.2 	96.1 	98.5 	: 	: 	: 	: 	: 
EMPL,F,NSA,I15,TR	94.9 	94.4 	79.6 	79.0 	106.5 	108.8 	104.4 	100.0 	94.0 	88.7 	81.4 	70.4 	58.2 	49.4 	151.4 	160.0 	159.5 	138.4 	: 	: 	: 	: 	: 	: 	: 	: 	: 	: 	: 	: 	: 	: 	: 
EMPL,F,NSA,I15,UK	: 	: 	: 	111.8 	108.7 	108.4 	102.7 	100.0 	96.4 	93.0 	92.9 	94.3 	96.5 	107.0 	110.4 	110.5 	110.0 	105.8 	101.5 	99.0 	98.8 	100.2 	99.3 	95.9 	94.4 	86.0 	78.6 	: 	: 	: 	: 	: 	: 
EMPL,F,NSA,PCH_SM,AL	3.1 	3.4 	2.7 	2.0 	3.9 	2.8 	6.2 	11.4 	17.2 	-5.8 	3.2 	-8.8 	-3.6 	6.5 	31.4 	-3.3 	-0.3 	: 	: 	: 	: 	: 	: 	: 	: 	: 	: 	: 	: 	: 	: 	: 	: 
EMPL,F,NSA,PCH_SM,AT	2.3 	3.8 	1.7 	5.1 	4.5 	2.8 	0.3 	-1.4 	-1.6 	-0.1 	1.8 	2.2 	-1.0 	2.9 	-0.9 	1.9 	0.6 	-1.1 	-0.7 	4.3 	-3.5 	-5.3 	-1.3 	-4.3 	8.3 	-1.0 	: 	: 	: 	: 	: 	: 	: 
EMPL,F,NSA,PCH_SM,BE	: c	4.3 p	-1.1 	2.6 	2.7 	2.2 	1.4 	-0.6 	-1.4 	-1.1 	0.9 	2.4 	1.3 	-0.1 	3.5 	4.4 	4.1 	2.0 	-2.3 	5.8 	0.0 	3.0 	: 	: 	: 	: 	: 	: 	: 	: 	: 	: 	: 
EMPL,F,NSA,PCH_SM,BG	-3.5 p	-7.9 p	-1.6 	3.0 	0.8 	3.8 	-4.2 	-1.8 	4.0 	-3.9 	-7.6 	-11.3 	-22.5 	-10.3 	29.0 	10.8 	15.3 	20.1 	15.7 	9.5 	0.6 	-3.8 	: 	: 	: 	: 	: 	: 	: 	: 	: 	: 	: 
EMPL,F,NSA,PCH_SM,CH	2.1 e	0.4 e	0.0 e	1.6 e	1.2 e	0.6 e	-0.2 e	0.3 e	0.9 e	1.4 e	1.9 e	0.7 e	1.9 e	0.0 e	1.3 e	3.5 e	2.1 e	1.4 e	0.0 e	0.2 e	0.1 e	1.2 e	1.1 e	-1.2 e	: 	: 	: 	: 	: 	: 	: 	: 	: 
EMPL,F,NSA,PCH_SM,CY	2.6 	2.1 	3.8 	9.6 	13.9 	15.0 	8.0 	-0.5 	-10.0 	-20.4 	-14.5 	-6.2 	-4.3 	-3.6 	11.8 	8.0 	5.4 	6.1 	5.8 	9.9 	4.9 	4.3 	: 	: 	: 	: 	: 	: 	: 	: 	: 	: 	: 
EMPL,F,NSA,PCH_SM,CZ	-1.3 	-4.2 	0.5 	1.8 	1.4 	1.3 	-2.7 	1.8 	-1.7 	-4.9 	-0.8 	-2.2 	0.8 	-2.2 	1.0 	1.1 	2.1 	0.5 	2.0 	0.9 	-3.6 	-0.9 	: 	: 	: 	: 	: 	: 	: 	: 	: 	: 	: 
EMPL,F,NSA,PCH_SM,DE	0.7 p	1.5 	1.3 	1.8 	2.0 	2.3 	1.4 	-0.2 	1.4 	1.1 	1.0 	3.5 	2.0 	1.3 	0.7 	1.6 	0.2 	-6.1 	-7.0 	-8.5 	-7.8 	-8.1 	: 	: 	: 	: 	: 	: 	: 	: 	: 	: 	: 
EMPL,F,NSA,PCH_SM,DK	3.2 p	4.4 	3.1 	1.9 	4.0 	3.8 	3.9 	3.3 	2.7 	-11.0 	-0.1 	0.6 	-9.2 	-11.6 	: c	: c	: c	: c	: c	: c	: c	: c	: c	: c	: c	: c	: c	: 	: 	: 	: 	: 	: 
EMPL,F,NSA,PCH_SM,EA19	2.6 	2.8 	0.5 	2.4 	3.2 	2.1 	0.5 	-0.8 	-1.9 	-4.5 	-4.4 	-3.5 	-4.6 	-7.8 	-1.4 	4.4 	3.0 	1.7 	0.9 	0.2 	-0.2 	0.4 	1.8 s	0.4 s	: 	: 	: 	: 	: 	: 	: 	: 	: 
EMPL,F,NSA,PCH_SM,EA20	2.5 	2.8 	0.6 	2.5 	3.2 	2.1 	0.5 	-0.8 	-1.9 	-4.5 	-4.5 	-3.5 	-4.7 	-7.7 	-1.3 	4.4 	3.1 	1.7 	1.0 	0.2 	-0.1 	0.4 	: 	: 	: 	: 	: 	: 	: 	: 	: 	: 	: 
EMPL,F,NSA,PCH_SM,EE	5.4 	5.9 	-5.1 	3.5 	5.0 	6.4 	-1.2 	6.6 	-3.0 	0.4 	12.0 	0.2 	-18.3 	-16.0 	0.5 	16.5 	15.1 	8.7 	6.9 	3.6 	7.5 	-3.4 	-0.7 	-5.3 	: 	: 	: 	: 	: 	: 	: 	: 	: 
EMPL,F,NSA,PCH_SM,EL	-3.4 	-16.2 	-9.8 	-19.7 	5.6 	4.8 	18.6 	-24.6 	17.3 	0.3 	-6.3 	-17.2 	-9.8 	-1.3 	4.0 	2.6 	-1.1 	6.9 	1.3 	8.4 	4.0 	2.2 	: 	: 	: 	: 	: 	: 	: 	: 	: 	: 	: 
EMPL,F,NSA,PCH_SM,ES	2.3 	3.8 	-2.6 	4.6 	8.3 	5.1 	0.0 	8.1 	-3.5 	-11.4 	-17.3 	-15.0 	-12.6 	-23.2 	-8.9 	6.1 	7.9 	4.6 	7.2 	6.1 	5.5 	8.9 	: 	: 	: 	: 	: 	: 	: 	: 	: 	: 	: 
EMPL,F,NSA,PCH_SM,EU27_2020	2.3 	2.4 	0.6 	3.0 	3.5 	2.1 	0.7 	-0.7 	-2.0 	-4.5 	-3.2 	-2.3 	-4.7 	-6.9 	0.1 	4.7 	3.6 	2.6 	0.3 	-0.7 	-1.2 	-0.3 	: 	: 	: 	: 	: 	: 	: 	: 	: 	: 	: 
EMPL,F,NSA,PCH_SM,EU28	: 	: 	: 	2.6 	2.9 	2.4 	0.9 	-0.2 	-1.5 	-4.0 	-3.1 	-2.2 	-5.2 	-6.7 	0.0 	4.3 	3.5 	2.7 	0.7 	-0.4 	-1.2 	-0.3 	2.4 s	0.9 s	4.3 s	2.4 s	: 	: 	: 	: 	: 	: 	: 
EMPL,F,NSA,PCH_SM,FI	-2.8 	-3.1 	0.0 	-3.0 	5.4 	5.0 	5.0 	-0.1 	-3.3 	0.4 	-0.7 	2.7 	-1.6 b	-5.7 b	5.3 	6.6 	2.6 	8.0 	-1.8 	3.1 	1.9 	-2.5 	: 	: 	: 	: 	: 	: 	: 	: 	: 	: 	: 
EMPL,F,NSA,PCH_SM,FR	1.3 p	4.1 p	2.2 p	3.8 	2.1 	0.8 	-1.1 	-3.5 	-2.4 	-1.9 	-0.7 	-0.7 	-1.8 	-2.0 	2.3 	4.4 	4.6 	2.8 	2.0 	0.4 	0.7 	3.1 	4.1 	2.0 	0.0 	-2.2 	-3.2 	-0.1 	-1.8 	-5.6 	-3.5 	-0.8 	: 
EMPL,F,NSA,PCH_SM,HR	0.3 	4.7 	6.8 	7.2 	5.2 	3.5 	-1.2 	-0.4 	-2.4 	-5.1 	-7.7 	-7.5 	-13.3 	-3.0 	7.5 	6.7 	10.1 	4.1 	4.7 	9.1 	10.2 	0.0 	: 	: 	: 	: 	: 	: 	: 	: 	: 	: 	: 
EMPL,F,NSA,PCH_SM,HU	4.8 	5.8 	-1.6 	18.9 	9.1 	3.7 	3.5 	1.2 	2.0 	-3.3 	-2.6 	-1.8 	0.3 	-8.1 	-5.2 	-6.9 	6.4 	2.6 	5.2 	1.9 	3.0 	1.3 	: 	: 	: 	: 	: 	: 	: 	: 	: 	: 	: 
EMPL,F,NSA,PCH_SM,IE	18.3 p	3.1 	-4.7 	5.3 	12.1 	8.2 	14.2 	17.4 	11.7 	0.4 	-7.4 	-7.9 	-28.6 	-31.6 	-8.6 	3.9 	10.4 	15.2 	10.1 	4.2 	1.9 	7.7 	: 	: 	: 	: 	: 	: 	: 	: 	: 	: 	: 
EMPL,F,NSA,PCH_SM,IS	12.3 	5.3 	-7.3 	2.3 	10.0 	16.9 	17.0 	9.8 	8.1 	7.1 	-1.6 	-8.0 	-16.3 	-40.0 	: 	: 	: 	: 	: 	: 	: 	: 	: 	: 	: 	: 	: 	: 	: 	: 	: 	: 	: 
EMPL,F,NSA,PCH_SM,IT	7.7 p	6.3 p	2.3 	1.0 	0.1 	-1.5 	-0.3 	-3.2 	-5.6 	-8.4 	-5.2 	-3.1 	-3.1 	-3.4 	0.4 	7.5 	1.2 	1.8 	5.3 	7.9 	4.1 	3.3 	: 	: 	: 	: 	: 	: 	: 	: 	: 	: 	: 
EMPL,F,NSA,PCH_SM,LT	-2.6 	2.0 	-1.2 	1.9 	4.3 	1.7 	-4.7 	4.8 	5.4 	1.2 	0.0 	3.8 	-17.8 	-21.3 	8.0 	19.0 	10.3 	4.0 	4.2 	8.7 	14.8 	-1.7 	-15.0 	-6.8 	: 	: 	: 	: 	: 	: 	: 	: 	: 
EMPL,F,NSA,PCH_SM,LU	0.1 p	0.3 	-3.3 	2.4 	2.2 	3.1 	1.6 	-0.4 	0.3 	-2.9 	-1.8 	-1.3 	-0.6 	-1.6 	0.9 	0.2 	1.1 	0.9 	0.5 	1.4 	3.0 	3.4 	: 	: 	: 	: 	: 	: 	: 	: 	: 	: 	: 
EMPL,F,NSA,PCH_SM,LV	-4.4 	0.2 	-3.1 	3.7 	7.4 	4.3 	-7.1 	-2.2 	0.1 	10.3 	10.4 	9.0 	-18.9 	-36.6 	-0.9 	28.2 	16.3 	15.4 	13.9 	6.3 	2.8 	4.8 	: 	: 	: 	: 	: 	: 	: 	: 	: 	: 	: 
EMPL,F,NSA,PCH_SM,ME	22.9 	14.0 	-20.7 	16.4 	12.4 	6.0 	8.8 	3.1 	6.6 	1.2 	3.8 	0.3 	-20.9 e	13.2 e	32.8 e	-2.9 e	-9.4 e	10.0 e	5.5 e	5.8 e	-8.8 e	0.1 e	: 	: 	: 	: 	: 	: 	: 	: 	: 	: 	: 
EMPL,F,NSA,PCH_SM,MK	-6.9 	0.9 	-3.3 	-10.0 	-4.9 	-3.0 	7.3 	10.4 	7.3 	27.9 	-3.4 	10.3 	1.5 	-0.7 	-8.5 	: 	: 	: 	: 	: 	: 	: 	: 	: 	: 	: 	: 	: 	: 	: 	: 	: 	: 
EMPL,F,NSA,PCH_SM,MT	0.9 p	0.2 p	5.2 	6.1 	-1.0 	-15.2 	1.4 	10.1 	0.7 	-7.7 	-3.6 	-4.9 	-7.5 	-7.0 	-2.6 	5.3 	0.2 	-8.3 	-7.1 	-3.7 	7.9 	6.4 	: 	: 	: 	: 	: 	: 	: 	: 	: 	: 	: 
EMPL,F,NSA,PCH_SM,NL	: c	2.3 p	2.0 p	3.4 	3.5 	3.0 	-0.3 	-1.9 	-5.7 	-8.8 	-3.8 	-1.9 	-3.5 	-2.5 	0.6 	1.3 	0.2 	-1.0 	-3.2 	-4.6 	-1.1 	1.8 	2.9 	3.1 	2.2 	2.7 	1.3 	: 	: 	: 	: 	: 	: 
EMPL,F,NSA,PCH_SM,NO	4.5 p	0.7 p	-0.3 	3.1 	3.6 	4.2 	2.7 	2.4 	2.2 	3.0 	5.6 	3.8 	-1.5 	-4.2 	2.7 	9.3 	8.4 	4.7 	2.0 	6.5 	2.4 	2.1 	: 	: 	: 	: 	: 	: 	: 	: 	: 	: 	: 
EMPL,F,NSA,PCH_SM,PL	0.8 	-0.5 	0.4 	5.0 	4.3 	2.2 	-0.9 	-5.7 	-7.4 	-7.1 	1.9 	7.6 	1.3 	3.8 	4.5 	7.2 	5.3 	8.5 	-10.3 	-15.4 	-11.0 	-7.8 	: 	: 	: 	: 	: 	: 	: 	: 	: 	: 	: 
EMPL,F,NSA,PCH_SM,PT	2.0 	1.8 	-0.3 	2.2 	2.3 	1.8 	-4.0 	-4.1 	-8.7 	-15.7 	-14.1 	-10.7 	-9.6 	-9.9 	-4.4 	-4.4 	-5.8 	7.2 	-2.7 	-7.5 	-0.1 	3.6 	: 	: 	: 	: 	: 	: 	: 	: 	: 	: 	: 
EMPL,F,NSA,PCH_SM,RO	2.5 	5.2 	3.4 	5.2 	6.2 	-0.9 	5.0 	5.7 	-2.3 	-2.5 	7.6 	-0.6 	-14.8 	-15.4 	7.4 	12.8 	1.0 	10.8 	-3.8 	4.1 	-5.4 	2.6 	: 	: 	: 	: 	: 	: 	: 	: 	: 	: 	: 
EMPL,F,NSA,PCH_SM,RS	1.8 p	4.8 	9.1 	9.7 	8.0 	1.2 	0.0 	-0.9 	-4.2 	-5.4 	-5.0 	-4.2 	-9.7 	-13.5 	1.2 	0.4 	0.1 	2.1 	0.5 	-0.6 	-0.7 	0.3 	: 	: 	: 	: 	: 	: 	: 	: 	: 	: 	: 
EMPL,F,NSA,PCH_SM,SE	3.2 	1.9 	1.1 	2.4 	5.2 	3.6 	5.4 	3.6 	0.9 	-0.5 	5.4 	7.7 	-0.6 	0.9 	5.0 	7.5 	7.5 	2.5 	-1.9 	0.1 	-0.7 	3.6 	: 	: 	: 	: 	: 	: 	: 	: 	: 	: 	: 
EMPL,F,NSA,PCH_SM,SI	7.8 	4.4 	2.5 	9.4 	4.8 	3.4 	-0.8 	0.6 	-0.5 	-9.3 	-11.8 	-13.6 	-9.5 	-1.3 	12.2 	12.8 	5.9 	4.8 	-1.6 	-0.6 	1.2 	-1.1 	: 	: 	: 	: 	: 	: 	: 	: 	: 	: 	: 
EMPL,F,NSA,PCH_SM,SK	1.8 	-3.8 	-6.0 	6.4 	3.4 	2.5 	1.2 	-0.8 	-1.2 	-4.0 	-4.5 	-3.6 	-2.6 	2.0 	9.1 	6.0 	9.3 	6.9 	2.7 	4.0 	1.6 	-2.3 	-7.7 	-9.5 	1.0 	0.1 	-2.4 	: 	: 	: 	: 	: 	: 
EMPL,F,NSA,PCH_SM,TR	0.5 	18.6 	0.8 	-25.8 	-2.1 	4.2 	4.4 	6.4 	6.0 	9.0 	15.6 	21.0 	17.8 	-67.4 	-5.4 	0.3 	15.2 	: 	: 	: 	: 	: 	: 	: 	: 	: 	: 	: 	: 	: 	: 	: 	: 
EMPL,F,NSA,PCH_SM,UK	: 	: 	: 	2.9 	0.3 	5.6 	2.7 	3.7 	3.7 	0.1 	-1.5 	-2.3 	-9.8 	-3.1 	-0.1 	0.5 	4.0 	4.2 	2.5 	0.2 	-1.4 	0.9 	3.5 	1.6 	9.8 	9.4 	: 	: 	: 	: 	: 	: 	: 
HOWK,F,CA,I10,AT	: 	: 	: 	: 	: 	103.1 p	100.8 	100.7 	102.3 	103.2 	103.5 	102.7 	100.0 	101.2 	101.5 	99.6 	98.1 	96.8 	97.8 	98.4 	92.9 	96.2 	102.2 	103.5 	108.1 	100.4 	100.3 	: 	: 	: 	: 	: 	: 
HOWK,F,CA,I10,BE	: 	: 	: 	: 	: 	: 	112.4 p	110.6 p	113.5 p	113.0 p	116.2 p	118.6 p	100.0 p	91.7 p	98.1 p	100.3 p	102.8 p	100.9 p	104.1 p	102.0 p	102.6 p	103.3 p	101.4 p	: 	: 	: 	: 	: 	: 	: 	: 	: 	: 
HOWK,F,CA,I10,BG	: 	: 	: 	: 	: 	73.0 p	75.7 p	81.9 p	88.0 	83.6 	86.9 	90.9 	100.0 	140.4 	165.7 	130.5 	116.7 	101.4 	83.3 	72.1 	65.5 	66.7 	68.4 	: 	: 	: 	: 	: 	: 	: 	: 	: 	: 
HOWK,F,CA,I10,CH	: 	: 	: 	: 	: 	: 	102.1 e	104.4 e	103.2 e	102.4 e	101.7 e	100.3 e	100.0 e	: 	: 	: 	: 	: 	: 	: 	: 	: 	: 	: 	: 	: 	: 	: 	: 	: 	: 	: 	: 
HOWK,F,CA,I10,CY	: 	: 	: 	: 	: 	: 	60.6 	57.2 	57.2 	64.3 	83.9 	98.0 	100.0 	118.1 	124.7 	113.5 	103.9 	99.0 	93.6 	87.8 	80.9 	77.6 	73.3 	: 	: 	: 	: 	: 	: 	: 	: 	: 	: 
HOWK,F,CA,I10,CZ	: 	: 	: 	: 	: 	: 	88.5 p	91.8 p	90.3 p	91.7 p	97.5 p	98.3 p	100.0 p	97.6 p	99.2 p	98.9 p	96.6 p	94.7 p	95.3 p	92.3 p	91.2 p	92.1 p	97.8 p	: 	: 	: 	: 	: 	: 	: 	: 	: 	: 
HOWK,F,CA,I10,DE	: 	: 	: 	: 	: 	111.4 p	110.3 p	109.1 p	110.3 p	107.2 p	106.5 p	107.2 p	99.4 p	98.4 p	99.0 p	98.6 p	94.6 p	92.1 p	100.4 s	109.6 s	117.3 s	129.4 s	146.4 s	: 	: 	: 	: 	: 	: 	: 	: 	: 	: 
HOWK,F,CA,I10,DK	: 	: 	: 	: 	: 	114.4 p	110.6 	107.3 	103.7 	100.2 	101.7 	101.9 	100.0 	107.8 	123.0 	: c	: c	: c	: c	: c	: c	: c	: c	: c	: c	: c	: c	: c	: 	: 	: 	: 	: 
HOWK,F,CA,I10,EA19	: 	: 	: 	: 	: 	: 	92.8 	92.0 	90.9 	91.3 	93.6 	98.0 	100.0 	109.9 	124.4 	127.7 	124.1 	120.2 	113.8 	113.1 	110.5 	112.8 	114.0 	: 	: 	: 	: 	: 	: 	: 	: 	: 	: 
HOWK,F,CA,I10,EE	: 	: 	: 	: 	: 	124.5 	118.0 	122.1 	112.8 	115.2 	116.7 	102.5 	100.0 	122.3 	145.9 	149.2 	129.8 	111.3 	102.6 	95.6 	91.4 	88.0 	95.4 	: 	: 	: 	: 	: 	: 	: 	: 	: 	: 
HOWK,F,CA,I10,EL	: 	: 	: 	: 	: 	: 	82.6 s	70.3 s	74.7 s	73.9 s	75.8 s	82.5 s	100.0 s	110.1 s	114.8 s	110.2 s	107.8 s	107.7 s	102.1 s	101.5 s	93.4 s	88.2 s	82.9 s	: 	: 	: 	: 	: 	: 	: 	: 	: 	: 
HOWK,F,CA,I10,ES	: 	: 	: 	: 	: 	: 	103.6 p	100.0 p	89.7 p	85.4 p	81.5 p	87.5 p	100.0 p	134.9 	183.3 p	203.4 p	204.9 p	195.3 p	161.4 p	153.0 p	141.0 p	144.0 p	140.1 p	: 	: 	: 	: 	: 	: 	: 	: 	: 	: 
HOWK,F,CA,I10,EU28	: 	: 	: 	: 	: 	: 	96.5 	94.6 	93.8 	93.8 	96.1 	98.9 	100.0 	108.4 	120.6 	121.5 	117.4 	113.6 	107.7 	107.0 	106.2 	108.5 	109.7 	: 	: 	: 	: 	: 	: 	: 	: 	: 	: 
HOWK,F,CA,I10,FI	: 	: 	: 	: 	: 	108.4 	103.7 	97.2 	97.6 	101.0 	102.0 	103.0 	100.0 	99.3 	108.5 	104.3 	98.4 	94.4 	87.8 	90.5 	86.9 	86.6 	89.4 	: 	: 	: 	: 	: 	: 	: 	: 	: 	: 
HOWK,F,CA,I10,FR	: 	: 	: 	: 	: 	: 	90.0 	91.3 	94.5 	96.7 	98.6 	99.3 	100.0 	102.1 	103.7 	101.1 	97.0 	92.9 	90.9 	89.5 	89.7 	89.8 	88.0 	85.6 	: 	: 	: 	: 	: 	: 	: 	: 	: 
HOWK,F,CA,I10,HR	: 	: 	: 	: 	: 	: 	124.9 	65.8 	68.1 	75.3 	80.4 	95.9 	100.0 	110.7 	118.7 	108.5 	109.0 	105.3 	97.2 	88.8 	83.6 e	80.4 e	78.5 e	: 	: 	: 	: 	: 	: 	: 	: 	: 	: 
HOWK,F,CA,I10,HU	: 	: 	: 	: 	: 	97.9 p	95.3 p	93.2 p	92.2 p	90.8 p	95.0 p	96.9 p	100.0 p	100.8 p	111.1 	118.3 	128.6 	121.1 	117.6 	113.7 	112.7 	109.2 	109.8 	: 	: 	: 	: 	: 	: 	: 	: 	: 	: 
HOWK,F,CA,I10,IE	: 	: 	: 	: 	: 	: 	132.6 	115.4 	104.6 	87.6 	89.2 	99.5 	100.0 	132.1 	213.5 	230.2 	221.0 	199.3 	174.6 	158.0 	153.2 	151.1 	143.8 	: 	: 	: 	: 	: 	: 	: 	: 	: 	: 
HOWK,F,CA,I10,IT	: 	: 	: 	: 	: 	: 	72.4 	72.8 	71.2 	76.5 	86.1 	96.6 	100.0 	108.3 	118.6 	117.9 	108.4 	104.9 	103.6 	99.4 	86.6 	83.1 	81.7 	: 	: 	: 	: 	: 	: 	: 	: 	: 	: 
HOWK,F,CA,I10,LT	: 	: 	: 	: 	: 	117.2 	117.1 	122.3 	118.2 	113.6 	112.1 	107.6 	100.0 	113.3 	164.7 	168.1 	140.9 	128.6 	123.8 	120.5 	104.3 	99.7 	89.2 	108.7 	126.2 	: 	: 	: 	: 	: 	: 	: 	: 
HOWK,F,CA,I10,LU	: 	: 	: 	: 	: 	98.8 	97.9 	94.6 	95.7 	92.1 	95.7 	100.6 	100.0 	99.7 	100.4 	101.6 	99.5 	97.7 	98.6 	101.5 	100.4 	98.7 	94.9 	: 	: 	: 	: 	: 	: 	: 	: 	: 	: 
HOWK,F,CA,I10,LV	: 	: 	: 	: 	: 	: 	117.2 e	134.3 e	139.7 e	137.6 e	123.3 e	112.1 e	100.0 e	122.1 e	221.0 e	233.2 e	182.4 e	156.1 e	137.1 e	120.3 e	112.7 e	112.3 e	106.4 e	: 	: 	: 	: 	: 	: 	: 	: 	: 	: 
HOWK,F,CA,I10,ME	: 	: 	: 	: 	: 	157.5 	129.8 	109.1 	106.8 	127.7 	105.4 	120.6 	100.1 	80.5 	107.3 	93.9 	93.4 	64.6 	59.2 	63.3 	69.5 	69.9 	65.7 	: 	: 	: 	: 	: 	: 	: 	: 	: 	: 
HOWK,F,CA,I10,MK	: 	: 	: 	: 	: 	174.4 	181.5 	165.2 	145.7 	131.6 	100.9 	114.1 	100.0 	94.5 	96.4 	106.6 	: 	: 	: 	: 	: 	: 	: 	: 	: 	: 	: 	: 	: 	: 	: 	: 	: 
HOWK,F,CA,I10,MT	: 	: 	: 	: 	: 	97.5 p	99.0 p	98.0 	83.8 	87.0 	96.2 	99.0 	100.0 	108.6 	117.7 	120.8 	111.5 	112.0 	119.6 	125.1 	129.4 	124.6 	124.5 	: 	: 	: 	: 	: 	: 	: 	: 	: 	: 
HOWK,F,CA,I10,NL	: 	: 	: 	: 	: 	: c	82.0 p	83.1 	85.4 	88.6 	95.3 	100.2 	100.0 	104.3 	106.9 	106.3 	104.3 	104.8 	105.7 	110.7 	116.4 	118.5 	116.5 	112.7 	110.6 	108.5 	104.2 	103.2 	: 	: 	: 	: 	: 
HOWK,F,CA,I10,NO	: 	: 	: 	: 	: 	126.2 p	122.2 p	117.7 	114.3 	111.5 	109.2 	103.5 	100.0 	102.3 	108.1 	102.8 	94.7 	86.9 	82.7 	80.5 	76.1 	75.1 	74.5 	: 	: 	: 	: 	: 	: 	: 	: 	: 	: 
HOWK,F,CA,I10,PL	: 	: 	: 	: 	: 	: 	86.6 	87.8 	92.7 	99.2 	110.3 	108.5 	100.0 	98.0 	93.3 	88.6 	81.7 	77.5 	70.6 	77.0 	95.6 	106.7 	116.2 	: 	: 	: 	: 	: 	: 	: 	: 	: 	: 
HOWK,F,CA,I10,PT	: 	: 	: 	: 	: 	54.6 	53.7 	55.7 	58.0 	63.5 	75.2 	88.5 	100.0 	111.3 	123.7 	127.9 	133.5 	142.0 	138.6 	143.2 	154.1 	155.7 	150.6 	: 	: 	: 	: 	: 	: 	: 	: 	: 	: 
HOWK,F,CA,I10,RO	: 	: 	: 	: 	: 	111.5 	114.6 	108.9 	103.0 	104.7 	107.4 	100.6 	100.0 	117.3 	144.2 	134.5 	120.2 	119.2 	106.8 p	110.2 p	111.0 p	116.3 p	115.8 p	: 	: 	: 	: 	: 	: 	: 	: 	: 	: 
HOWK,F,CA,I10,RS	: 	: 	: 	: 	: 	: 	103.7 	104.1 	103.4 	101.0 	100.8 	103.5 	100.0 e	99.9 e	100.0 e	100.1 e	97.4 e	94.9 e	95.8 e	95.3 e	95.6 e	96.9 e	95.6 e	: 	: 	: 	: 	: 	: 	: 	: 	: 	: 
HOWK,F,CA,I10,SE	: 	: 	: 	: 	: 	128.1 e	124.7 e	117.4 e	113.1 e	112.1 e	110.4 e	105.2 e	100.0 e	99.3 e	101.1 e	97.6 e	86.3 e	81.5 e	79.8 e	81.6 e	81.6 e	81.4 e	77.5 e	: 	: 	: 	: 	: 	: 	: 	: 	: 	: 
HOWK,F,CA,I10,SI	: 	: 	: 	: 	: 	: 	97.4 	97.3 	97.9 	98.0 	98.8 	99.7 	100.2 	100.5 	101.7 	102.0 	102.6 	101.7 	103.7 	104.4 	104.5 	104.8 	105.4 	: 	: 	: 	: 	: 	: 	: 	: 	: 	: 
HOWK,F,CA,I10,SK	: 	: 	: 	: 	: 	87.8 	85.7 	85.1 	85.6 	87.2 	91.0 	95.8 	100.0 	103.3 	103.3 	94.9 	89.4 	82.8 	76.5 	73.8 	71.4 	72.0 	74.4 	: 	: 	: 	: 	: 	: 	: 	: 	: 	: 
HOWK,F,CA,I10,TR	: 	: 	: 	: 	: 	63.3 	69.5 	76.3 	84.3 	95.8 	102.1 	101.6 	100.0 	98.5 	120.9 	129.6 	127.7 	110.8 	: 	: 	: 	: 	: 	: 	: 	: 	: 	: 	: 	: 	: 	: 	: 
HOWK,F,CA,I10,UK	: 	: 	: 	: 	: 	: 	109.9 	106.9 	105.9 	100.3 	97.9 	98.2 	100.0 	104.4 	110.9 	111.9 	108.7 	107.2 	104.7 	101.9 	101.0 	100.0 	98.4 	97.1 	96.4 	94.0 	: 	: 	: 	: 	: 	: 	: 
HOWK,F,CA,I15,AT	121.2 	118.7 	110.2 	112.6 	107.5 	103.2 	100.2 	100.0 	101.6 	102.4 	102.8 	102.0 	99.3 	100.5 	100.7 	98.9 	97.4 	96.1 	97.1 	97.7 	92.2 	95.5 	101.5 	102.7 	107.3 	99.7 	99.6 	: 	: 	: 	: 	: 	: 
HOWK,F,CA,I15,BE	108.2 p	105.0 p	97.6 p	107.5 p	106.9 p	103.3 p	100.5 p	100.0 p	102.0 p	100.9 p	104.2 p	106.6 p	90.1 p	82.9 p	88.7 p	90.2 p	92.7 p	90.7 p	93.6 p	91.6 p	91.6 p	92.8 p	91.6 p	: 	: 	: 	: 	: 	: 	: 	: 	: 	: 
HOWK,F,CA,I15,BG	83.1 p	86.9 p	95.6 	98.9 	96.3 	94.1 	92.9 	100.0 	99.3 	94.6 	98.6 	102.6 	113.2 	159.5 	186.8 	147.6 	132.3 	114.4 	94.3 	81.3 	74.2 	75.5 	77.6 	: 	: 	: 	: 	: 	: 	: 	: 	: 	: 
HOWK,F,CA,I15,CH	104.1 e	103.6 e	100.7 e	101.7 e	100.9 e	99.2 e	98.4 e	99.8 e	99.4 e	98.5 e	97.4 e	96.0 e	95.1 e	: 	: 	: 	: 	: 	: 	: 	: 	: 	: 	: 	: 	: 	: 	: 	: 	: 	: 	: 	: 
HOWK,F,CA,I15,CY	187.8 	184.9 	169.1 	174.4 	155.2 	133.7 	112.9 	100.0 	99.0 	105.5 	152.6 	184.1 	195.2 	201.6 	216.1 	194.7 	179.7 	169.8 	160.8 	152.0 	139.2 	133.4 	125.8 	: 	: 	: 	: 	: 	: 	: 	: 	: 	: 
HOWK,F,CA,I15,CZ	89.3 	90.2 	95.1 	99.2 	98.7 	97.9 	96.0 	100.0 	98.4 	99.9 	106.2 	107.1 	109.0 	106.3 	108.0 	107.8 	105.2 	103.3 	103.8 	100.6 	99.4 	100.4 	106.5 	: 	: 	: 	: 	: 	: 	: 	: 	: 	: 
HOWK,F,CA,I15,DE	107.5 p	107.5 p	107.4 p	106.4 p	104.7 p	103.3 p	101.5 p	99.9 p	100.9 	98.1 	97.5 	98.2 	91.2 	90.1 	90.6 	90.1 	86.5 	84.3 	90.3 	98.2 	107.1 	118.1 	131.4 	: 	: 	: 	: 	: 	: 	: 	: 	: 	: 
HOWK,F,CA,I15,DK	125.7 p	121.3 	114.3 	110.3 	109.5 	107.1 	103.4 	100.0 	96.6 	93.6 	105.6 	106.0 	104.0 	112.1 	127.9 	: c	: c	: c	: c	: c	: c	: c	: c	: c	: c	: c	: c	: c	: 	: 	: 	: 	: 
HOWK,F,CA,I15,EA19	113.8 	110.5 	104.2 	108.3 	106.1 	103.4 	101.2 	100.0 	99.8 	100.2 	103.2 	107.7 	108.2 	116.4 	129.6 	131.6 	127.7 	124.0 	119.3 	119.6 	118.8 	121.8 	123.6 	: 	: 	: 	: 	: 	: 	: 	: 	: 	: 
HOWK,F,CA,I15,EA20	114.3 	111.0 	104.6 	108.5 	106.0 	103.3 	101.2 	100.0 	99.1 	99.6 	102.6 	107.2 	107.7 	116.0 	129.1 	130.9 	127.1 	123.4 	118.7 	118.9 	118.1 	121.0 	122.7 	: 	: 	: 	: 	: 	: 	: 	: 	: 	: 
HOWK,F,CA,I15,EE	117.0 	112.7 	105.7 	114.0 	111.0 	102.3 	96.3 	99.7 	93.0 	94.6 	95.4 	83.8 	81.8 	99.9 	119.3 	122.4 	106.4 	90.9 	83.6 	78.8 	75.0 	72.1 	77.8 	: 	: 	: 	: 	: 	: 	: 	: 	: 	: 
HOWK,F,CA,I15,EL	119.5 p	124.5 p	137.2 p	139.7 p	154.9 p	143.5 p	119.4 p	100.0 p	103.3 p	102.3 p	104.9 p	114.2 p	138.4 p	152.5 p	159.0 p	152.6 p	149.2 p	149.1 p	141.4 p	140.5 p	129.3 p	122.1 p	114.8 p	: 	: 	: 	: 	: 	: 	: 	: 	: 	: 
HOWK,F,CA,I15,ES	107.1 p	103.2 p	101.9 p	112.3 p	112.4 p	109.3 p	104.6 p	100.0 p	91.7 p	85.9 p	81.7 p	87.9 p	95.4 p	130.8 p	184.1 p	205.0 p	206.7 p	196.4 p	159.3 p	151.4 p	139.7 p	142.6 p	138.9 p	: 	: 	: 	: 	: 	: 	: 	: 	: 	: 
HOWK,F,CA,I15,EU27_2020	114.8 	111.4 	106.0 	109.3 	106.1 	103.0 	101.1 	100.0 	99.2 	100.0 	103.9 	106.9 	106.6 	114.4 	126.2 	126.2 s	121.4 s	117.6 s	112.3 s	112.9 s	113.6 s	117.0 s	119.2 s	: 	: 	: 	: 	: 	: 	: 	: 	: 	: 
HOWK,F,CA,I15,EU28	: 	: 	: 	108.5 	106.0 	103.4 	101.5 	100.0 	99.1 	99.1 	101.9 	104.5 	104.9 	112.2 	121.9 	122.0 	117.6 	114.2 	109.9 	110.0 	110.2 	112.9 	114.9 	: 	: 	: 	: 	: 	: 	: 	: 	: 	: 
HOWK,F,CA,I15,FI	103.8 	106.9 	117.4 	117.1 	123.6 	116.5 	106.2 	100.0 	102.1 	106.0 	106.5 	106.9 	103.4 	100.8 b	153.0 	146.9 	138.7 	133.1 	123.7 	127.5 	122.4 	122.0 	126.0 	: 	: 	: 	: 	: 	: 	: 	: 	: 	: 
HOWK,F,CA,I15,FR	114.7 	111.5 	98.7 	103.6 	100.0 	97.8 	98.4 	100.0 	103.6 	106.1 	108.2 	108.9 	109.7 	112.0 	113.8 	110.8 	106.4 	101.9 	99.7 	98.2 	98.4 	98.5 	96.5 	93.9 	: 	: 	: 	: 	: 	: 	: 	: 	: 
HOWK,F,CA,I15,HR	144.9 	140.8 	132.5 	121.6 	100.8 	95.9 	99.3 	100.1 	54.1 	59.7 	64.3 	75.8 	79.2 	87.9 	94.5 	86.0 	86.2 	83.2 	77.0 	70.7 	66.3 	63.6 	62.7 	: 	: 	: 	: 	: 	: 	: 	: 	: 	: 
HOWK,F,CA,I15,HU	149.5 	142.4 	133.0 	137.6 	114.1 	104.8 	102.0 	99.8 	98.6 	96.9 	101.6 	103.8 	107.1 	107.9 	118.9 	124.8 	135.7 	127.9 	125.2 	120.6 	119.2 	115.1 	116.4 	: 	: 	: 	: 	: 	: 	: 	: 	: 	: 
HOWK,F,CA,I15,IE	174.5 p	144.5 	141.1 	145.5 	141.6 	124.5 	115.4 	100.0 	89.3 	73.9 	73.0 	80.8 	82.6 	123.1 	182.8 	199.2 	191.3 	172.6 	151.1 	136.7 	132.1 	130.8 	124.4 	: 	: 	: 	: 	: 	: 	: 	: 	: 	: 
HOWK,F,CA,I15,IT	132.7 	121.3 	100.9 	107.7 	103.5 	102.7 	101.7 	100.0 	95.7 	103.0 	115.8 	130.0 	134.9 	146.8 	160.5 	159.6 	146.4 	141.9 	140.6 	134.4 	117.3 	112.5 	110.3 	: 	: 	: 	: 	: 	: 	: 	: 	: 	: 
HOWK,F,CA,I15,LT	97.6 	97.6 	97.6 	105.4 	101.7 	96.1 	95.7 	100.0 	96.7 	92.5 	91.2 	87.4 	81.4 	92.1 	133.8 	136.6 	114.5 	104.5 	100.7 	98.0 	84.8 	81.0 	72.5 	88.6 	102.8 	: 	: 	: 	: 	: 	: 	: 	: 
HOWK,F,CA,I15,LU	105.9 p	104.9 	99.2 	111.0 	109.2 	105.3 	103.2 	100.0 	101.0 	97.3 	100.9 	106.2 	105.6 	105.3 	106.1 	107.4 	105.2 	103.2 	104.1 	107.3 	106.1 	104.3 	100.3 	: 	: 	: 	: 	: 	: 	: 	: 	: 	: 
HOWK,F,CA,I15,LV	103.3 p	102.4 p	94.8 p	100.8 p	97.7 p	94.1 p	88.6 p	100.0 p	104.0 p	102.7 p	92.9 p	84.3 p	75.0 p	90.9 p	165.9 p	174.5 p	136.7 p	117.1 p	103.6 p	89.7 p	84.3 p	84.2 p	80.2 p	: 	: 	: 	: 	: 	: 	: 	: 	: 	: 
HOWK,F,CA,I15,ME	163.4 	171.3 	169.8 	174.9 	168.9 	148.4 	117.3 	101.7 	96.6 	116.8 	98.2 	108.1 	93.8 	91.5 	114.1 	77.5 	76.1 	53.8 	45.1 	39.6 	42.1 	41.4 	25.9 	: 	: 	: 	: 	: 	: 	: 	: 	: 	: 
HOWK,F,CA,I15,MK	80.8 	84.5 	85.3 	89.3 	99.1 	105.6 	109.9 	100.0 	88.1 	79.7 	61.1 	69.1 	60.5 	57.2 	58.4 	64.5 	: 	: 	: 	: 	: 	: 	: 	: 	: 	: 	: 	: 	: 	: 	: 	: 	: 
HOWK,F,CA,I15,MT	95.6 p	93.7 p	94.0 	91.4 	83.1 	83.6 	101.6 	100.0 	85.5 	88.8 	98.2 	101.1 	102.1 	110.8 	120.1 	123.3 	113.8 	114.3 	122.0 	127.7 	132.1 	127.2 	127.0 	: 	: 	: 	: 	: 	: 	: 	: 	: 	: 
HOWK,F,CA,I15,NL	: c	111.7 p	105.4 p	109.8 	106.0 	102.5 	98.9 	100.0 	102.4 	106.5 	114.7 	120.0 	120.2 	125.3 	128.3 	127.6 	124.7 	125.4 	127.3 	132.6 	139.4 	142.0 	139.0 	135.5 	132.7 	130.2 	126.2 	123.3 	: 	: 	: 	: 	: 
HOWK,F,CA,I15,NO	117.1 p	111.9 p	110.8 	111.8 	108.4 	105.7 	102.8 	100.0 	97.2 	94.9 	92.8 	88.0 	85.0 	86.9 	91.9 	86.9 	80.0 	73.6 	70.1 	68.4 	64.9 	64.2 	63.8 	: 	: 	: 	: 	: 	: 	: 	: 	: 	: 
HOWK,F,CA,I15,PL	111.8 	108.3 	108.3 	108.7 	104.6 	98.9 	98.6 	100.0 	105.6 	113.0 	125.7 	123.7 	114.0 	111.7 	106.4 	101.0 	93.1 	88.4 	80.4 	87.8 	108.9 	121.6 	132.4 	: 	: 	: 	: 	: 	: 	: 	: 	: 	: 
HOWK,F,CA,I15,PT	104.1 	102.2 	99.2 	101.9 	99.8 	97.7 	96.5 	100.0 	104.1 	113.9 	134.9 	158.9 	179.5 	199.8 	222.1 	229.6 	239.6 	255.0 	248.9 	257.0 	276.7 	279.5 	270.4 	: 	: 	: 	: 	: 	: 	: 	: 	: 	: 
HOWK,F,CA,I15,RO	126.2 	123.2 	116.1 	113.4 	108.5 	102.3 	104.9 	100.0 	94.6 	96.2 	98.8 	92.4 	91.6 	107.4 	131.7 	123.1 	110.0 	109.1 	97.7 	101.1 	101.8 	106.7 	106.1 	: 	: 	: 	: 	: 	: 	: 	: 	: 	: 
HOWK,F,CA,I15,RS	105.3 	106.5 	104.3 	108.8 	100.2 	100.3 	99.8 	99.9 	99.3 	96.8 	97.0 	99.4 	96.1 e	95.8 e	95.8 e	95.8 e	93.2 e	91.1 e	92.2 e	91.4 e	91.6 e	92.7 e	91.6 e	: 	: 	: 	: 	: 	: 	: 	: 	: 	: 
HOWK,F,CA,I15,SE	122.5 e	115.4 e	111.3 e	118.2 e	110.0 e	109.1 e	106.3 e	100.0 e	96.3 e	95.5 e	94.0 e	89.6 e	85.2 e	84.6 e	86.1 e	83.1 e	73.5 e	69.4 e	68.0 e	69.5 e	69.5 e	69.3 e	66.0 e	: 	: 	: 	: 	: 	: 	: 	: 	: 	: 
HOWK,F,CA,I15,SI	93.8 	93.6 	92.3 	92.6 	92.7 	93.8 	94.2 	98.7 	98.4 	98.2 	97.8 	97.8 	97.1 	96.6 	96.9 	97.5 	98.7 	98.2 	99.2 	99.2 	98.0 	96.9 	99.0 	: 	: 	: 	: 	: 	: 	: 	: 	: 	: 
HOWK,F,CA,I15,SK	98.4 	98.5 	102.5 	112.3 	104.8 	103.1 	100.6 	100.1 	100.5 	102.5 	106.9 	112.6 	117.4 	121.5 	121.2 	111.6 	105.0 	97.3 	89.8 	86.7 	83.9 	84.6 	87.3 	: 	: 	: 	: 	: 	: 	: 	: 	: 	: 
HOWK,F,CA,I15,TR	84.8 	84.2 	69.4 	73.6 	101.9 	108.4 	103.0 	100.0 	95.3 	90.7 	83.8 	72.8 	61.0 	51.8 	158.5 	170.0 	167.5 	145.2 	: 	: 	: 	: 	: 	: 	: 	: 	: 	: 	: 	: 	: 	: 	: 
HOWK,F,CA,I15,UK	: 	: 	: 	108.3 	108.3 	107.7 	104.0 	100.0 	99.9 	94.6 	92.4 	92.6 	93.9 	98.9 	103.2 	104.4 	101.4 	100.1 	97.3 	95.6 	94.6 	93.8 	92.5 	91.3 	91.2 	88.0 	: 	: 	: 	: 	: 	: 	: 
HOWK,F,CA,PCH_SM,AT	2.1 	7.7 	-2.1 	4.7 	4.2 	3.0 	0.2 	-1.6 	-0.8 	-0.4 	0.8 	2.7 	-1.2 	-0.2 	1.8 	1.5 	1.4 	-1.0 	-0.6 	6.0 	-3.5 	-5.9 	-1.2 	-4.3 	7.6 	0.1 	: 	: 	: 	: 	: 	: 	: 
HOWK,F,CA,PCH_SM,BE	3.0 p	7.6 p	-9.2 p	0.6 p	3.5 p	2.8 p	0.5 p	-2.0 p	1.1 p	-3.2 p	-2.3 p	18.3 p	8.7 p	-6.5 p	-1.7 p	-2.7 p	2.2 p	-3.1 p	2.2 p	0.0 p	-1.3 p	1.3 p	: 	: 	: 	: 	: 	: 	: 	: 	: 	: 	: 
HOWK,F,CA,PCH_SM,BG	-4.4 p	-9.1 p	-3.3 	2.7 	2.3 	1.3 	-7.1 	0.7 	5.0 	-4.1 	-3.9 	-9.4 	-29.0 	-14.6 	26.6 	11.6 	15.6 	21.3 	16.0 	9.6 	-1.7 	-2.7 	: 	: 	: 	: 	: 	: 	: 	: 	: 	: 	: 
HOWK,F,CA,PCH_SM,CH	0.5 e	2.9 e	-1.0 e	0.8 e	1.7 e	0.8 e	-1.4 e	0.4 e	0.9 e	1.1 e	1.5 e	0.9 e	: 	: 	: 	: 	: 	: 	: 	: 	: 	: 	: 	: 	: 	: 	: 	: 	: 	: 	: 	: 	: 
HOWK,F,CA,PCH_SM,CY	1.6 	9.3 	-3.0 	12.4 	16.1 	18.4 	12.9 	1.0 	-6.2 	-30.9 	-17.1 	-5.7 	-3.2 	-6.7 	11.0 	8.3 	5.8 	5.6 	5.8 	9.2 	4.3 	6.0 	: 	: 	: 	: 	: 	: 	: 	: 	: 	: 	: 
HOWK,F,CA,PCH_SM,CZ	-1.0 	-5.2 	-4.1 	0.5 	0.8 	2.0 	-4.0 	1.6 	-1.5 	-5.9 	-0.8 	-1.7 	2.5 	-1.6 	0.2 	2.5 	1.8 	-0.5 	3.2 	1.2 	-1.0 	-5.7 	: 	: 	: 	: 	: 	: 	: 	: 	: 	: 	: 
HOWK,F,CA,PCH_SM,DE	0.0 p	0.1 p	0.9 p	1.6 p	1.4 p	1.8 p	1.6 p	-1.0 p	2.9 	0.6 	-0.7 	7.7 	1.2 	-0.6 	0.6 	4.2 	2.6 	-6.6 	-8.0 	-8.3 	-9.3 	-10.1 	: 	: 	: 	: 	: 	: 	: 	: 	: 	: 	: 
HOWK,F,CA,PCH_SM,DK	3.6 p	6.1 	3.6 	0.7 	2.2 	3.6 	3.4 	3.5 	3.2 	-11.4 	-0.4 	1.9 	-7.2 	-12.4 	: c	: c	: c	: c	: c	: c	: c	: c	: c	: c	: c	: c	: c	: 	: 	: 	: 	: 	: 
HOWK,F,CA,PCH_SM,EA19	3.0 	6.0 	-3.8 	2.1 	2.6 	2.2 	1.2 	0.2 	-0.4 	-2.9 	-4.2 	-0.5 	-7.0 	-10.2 	-1.5 	3.1 	3.0 	3.9 	-0.3 	0.7 	-2.5 	-1.5 	: 	: 	: 	: 	: 	: 	: 	: 	: 	: 	: 
HOWK,F,CA,PCH_SM,EA20	3.0 	6.1 	-3.6 	2.4 	2.6 	2.1 	1.2 	0.9 	-0.5 	-2.9 	-4.3 	-0.5 	-7.2 	-10.1 	-1.4 	3.0 	3.0 	4.0 	-0.2 	0.7 	-2.4 	-1.4 	: 	: 	: 	: 	: 	: 	: 	: 	: 	: 	: 
HOWK,F,CA,PCH_SM,EE	3.8 	6.6 	-7.3 	2.7 	8.5 	6.2 	-3.4 	7.2 	-1.7 	-0.8 	13.8 	2.4 	-18.1 	-16.3 	-2.5 	15.0 	17.1 	8.7 	6.1 	5.1 	4.0 	-7.3 	: 	: 	: 	: 	: 	: 	: 	: 	: 	: 	: 
HOWK,F,CA,PCH_SM,EL	-4.0 p	-9.3 p	-1.8 p	-9.8 p	7.9 p	20.2 p	19.4 p	-3.2 p	1.0 p	-2.5 p	-8.1 p	-17.5 p	-9.2 p	-4.1 p	4.2 p	2.3 p	0.1 p	5.4 p	0.6 p	8.7 p	5.9 p	6.4 p	: 	: 	: 	: 	: 	: 	: 	: 	: 	: 	: 
HOWK,F,CA,PCH_SM,ES	3.8 p	1.3 p	-9.3 p	-0.1 p	2.8 p	4.5 p	4.6 p	9.1 p	6.8 p	5.1 p	-7.1 p	-7.9 p	-27.1 p	-29.0 p	-10.2 p	-0.8 p	5.2 p	23.3 p	5.2 p	8.4 p	-2.0 p	2.7 p	: 	: 	: 	: 	: 	: 	: 	: 	: 	: 	: 
HOWK,F,CA,PCH_SM,EU27_2020	3.1 	5.1 	-3.0 	3.0 	3.0 	1.9 	1.1 	0.8 	-0.8 	-3.8 	-2.8 	0.3 	-6.8 	-9.4 	0.0 s	4.0 s	3.2 s	4.7 s	-0.5 s	-0.6 s	-2.9 s	-1.8 s	: 	: 	: 	: 	: 	: 	: 	: 	: 	: 	: 
HOWK,F,CA,PCH_SM,EU28	: 	: 	: 	2.4 	2.5 	1.9 	1.5 	0.9 	0.0 	-2.7 	-2.5 	-0.4 	-6.5 	-8.0 	-0.1 	3.7 	3.0 	3.9 	-0.1 	-0.2 	-2.4 	-1.7 	: 	: 	: 	: 	: 	: 	: 	: 	: 	: 	: 
HOWK,F,CA,PCH_SM,FI	-2.9 	-8.9 	0.3 	-5.3 	6.1 	9.7 	6.2 	-2.1 	-3.7 	-0.5 	-0.4 	3.4 	2.6 b	-34.1 b	4.2 	5.9 	4.2 	7.6 	-3.0 	4.2 	0.3 	-3.2 	: 	: 	: 	: 	: 	: 	: 	: 	: 	: 	: 
HOWK,F,CA,PCH_SM,FR	2.9 	13.0 	-4.7 	3.6 	2.2 	-0.6 	-1.6 	-3.5 	-2.4 	-1.9 	-0.6 	-0.7 	-2.1 	-1.6 	2.7 	4.1 	4.4 	2.2 	1.5 	-0.2 	-0.1 	2.1 	2.8 	: 	: 	: 	: 	: 	: 	: 	: 	: 	: 
HOWK,F,CA,PCH_SM,HR	2.9 	6.3 	9.0 	20.6 	5.1 	-3.4 	-0.8 	85.0 	-9.4 	-7.2 	-15.2 	-4.3 	-9.9 	-7.0 	9.9 	-0.2 	3.6 	8.1 	8.9 	6.6 	4.2 	1.4 	: 	: 	: 	: 	: 	: 	: 	: 	: 	: 	: 
HOWK,F,CA,PCH_SM,HU	5.0 	7.1 	-3.3 	20.6 	8.9 	2.7 	2.2 	1.2 	1.8 	-4.6 	-2.1 	-3.1 	-0.7 	-9.3 	-4.7 	-8.0 	6.1 	2.2 	3.8 	1.2 	3.6 	-1.1 	: 	: 	: 	: 	: 	: 	: 	: 	: 	: 	: 
HOWK,F,CA,PCH_SM,IE	20.8 p	2.4 	-3.0 	2.8 	13.7 	7.9 	15.4 	12.0 	20.8 	1.2 	-9.7 	-2.2 	-32.9 	-32.7 	-8.2 	4.1 	10.8 	14.2 	10.5 	3.5 	1.0 	5.1 	: 	: 	: 	: 	: 	: 	: 	: 	: 	: 	: 
HOWK,F,CA,PCH_SM,IT	9.4 	20.2 	-6.3 	4.1 	0.8 	1.0 	1.7 	4.5 	-7.1 	-11.1 	-10.9 	-3.6 	-8.1 	-8.5 	0.6 	9.0 	3.2 	0.9 	4.6 	14.6 	4.3 	2.0 	: 	: 	: 	: 	: 	: 	: 	: 	: 	: 	: 
HOWK,F,CA,PCH_SM,LT	0.0 	0.0 	-7.4 	3.6 	5.8 	0.4 	-4.3 	3.4 	4.5 	1.4 	4.3 	7.4 	-11.6 	-31.2 	-2.0 	19.3 	9.6 	3.8 	2.8 	15.6 	4.7 	11.7 	-18.2 	-13.8 	: 	: 	: 	: 	: 	: 	: 	: 	: 
HOWK,F,CA,PCH_SM,LU	1.0 p	5.7 	-10.6 	1.6 	3.7 	2.0 	3.2 	-1.0 	3.8 	-3.6 	-5.0 	0.6 	0.3 	-0.8 	-1.2 	2.1 	1.9 	-0.9 	-3.0 	1.1 	1.7 	4.0 	: 	: 	: 	: 	: 	: 	: 	: 	: 	: 	: 
HOWK,F,CA,PCH_SM,LV	0.9 p	8.0 p	-6.0 p	3.2 p	3.8 p	6.2 p	-11.4 p	-3.8 p	1.3 p	10.5 p	10.2 p	12.4 p	-17.5 p	-45.2 p	-4.9 p	27.7 p	16.7 p	13.0 p	15.5 p	6.4 p	0.1 p	5.0 p	: 	: 	: 	: 	: 	: 	: 	: 	: 	: 	: 
HOWK,F,CA,PCH_SM,ME	-4.6 	0.9 	-2.9 	3.6 	13.8 	26.5 	15.3 	5.3 	-17.3 	18.9 	-9.2 	15.2 	2.5 	-19.8 	47.2 	1.8 	41.4 	19.3 	13.9 	-5.9 	1.7 	59.8 	: 	: 	: 	: 	: 	: 	: 	: 	: 	: 	: 
HOWK,F,CA,PCH_SM,MK	-4.4 	-0.9 	-4.5 	-9.9 	-6.2 	-3.9 	9.9 	13.5 	10.5 	30.4 	-11.6 	14.2 	5.8 	-2.1 	-9.5 	: 	: 	: 	: 	: 	: 	: 	: 	: 	: 	: 	: 	: 	: 	: 	: 	: 	: 
HOWK,F,CA,PCH_SM,MT	2.0 p	-0.3 p	2.8 	10.0 	-0.6 	-17.7 	1.6 	17.0 	-3.7 	-9.6 	-2.9 	-1.0 	-7.9 	-7.7 	-2.6 	8.3 	-0.4 	-6.3 	-4.5 	-3.3 	3.9 	0.2 	: 	: 	: 	: 	: 	: 	: 	: 	: 	: 	: 
HOWK,F,CA,PCH_SM,NL	: c	6.0 p	-4.0 p	3.6 	3.4 	3.6 	-1.1 	-2.3 	-3.8 	-7.1 	-4.4 	-0.2 	-4.1 	-2.3 	0.5 	2.3 	-0.6 	-1.5 	-4.0 	-4.9 	-1.8 	2.2 	2.6 	2.1 	1.9 	3.2 	2.4 	: 	: 	: 	: 	: 	: 
HOWK,F,CA,PCH_SM,NO	4.6 p	1.0 p	-0.9 	3.1 	2.6 	2.8 	2.8 	2.9 	2.4 	2.3 	5.5 	3.5 	-2.2 	-5.4 	5.8 	8.6 	8.7 	5.0 	2.5 	5.4 	1.1 	0.6 	: 	: 	: 	: 	: 	: 	: 	: 	: 	: 	: 
HOWK,F,CA,PCH_SM,PL	3.2 	0.0 	-0.4 	3.9 	5.8 	0.3 	-1.4 	-5.3 	-6.5 	-10.1 	1.6 	8.5 	2.1 	5.0 	5.3 	8.5 	5.3 	10.0 	-8.4 	-19.4 	-10.4 	-8.2 	: 	: 	: 	: 	: 	: 	: 	: 	: 	: 	: 
HOWK,F,CA,PCH_SM,PT	1.9 	3.0 	-2.6 	2.1 	2.1 	1.2 	-3.5 	-3.9 	-8.6 	-15.6 	-15.1 	-11.5 	-10.2 	-10.0 	-3.3 	-4.2 	-6.0 	2.5 	-3.2 	-7.1 	-1.0 	3.4 	: 	: 	: 	: 	: 	: 	: 	: 	: 	: 	: 
HOWK,F,CA,PCH_SM,RO	2.4 	6.1 	2.4 	4.5 	6.1 	-2.5 	4.9 	5.7 	-1.7 	-2.6 	6.9 	0.9 	-14.7 	-18.5 	7.0 	11.9 	0.8 	11.7 	-3.4 	-0.7 	-4.6 	0.6 	: 	: 	: 	: 	: 	: 	: 	: 	: 	: 	: 
HOWK,F,CA,PCH_SM,RS	-1.1 	2.1 	-4.1 	8.6 	-0.1 	0.5 	-0.1 	0.6 	2.6 	-0.2 	-2.4 	3.4 e	0.3 e	0.0 e	0.0 e	2.8 e	2.3 e	-1.2 e	0.9 e	-0.2 e	-1.2 e	1.2 e	: 	: 	: 	: 	: 	: 	: 	: 	: 	: 	: 
HOWK,F,CA,PCH_SM,SE	6.2 e	3.7 e	-5.8 e	7.5 e	0.8 e	2.6 e	6.3 e	3.8 e	0.8 e	1.6 e	4.9 e	5.2 e	0.7 e	-1.7 e	3.6 e	13.1 e	5.9 e	2.1 e	-2.2 e	0.0 e	0.3 e	5.0 e	: 	: 	: 	: 	: 	: 	: 	: 	: 	: 	: 
HOWK,F,CA,PCH_SM,SI	0.2 	1.4 	-0.3 	-0.1 	-1.2 	-0.4 	-4.6 	0.3 	0.2 	0.4 	0.0 	0.7 	0.5 	-0.3 	-0.6 	-1.2 	0.5 	-1.0 	0.0 	1.2 	1.1 	-2.1 	: 	: 	: 	: 	: 	: 	: 	: 	: 	: 	: 
HOWK,F,CA,PCH_SM,SK	-0.1 	-3.9 	-8.7 	7.2 	1.6 	2.5 	0.5 	-0.4 	-2.0 	-4.1 	-5.1 	-4.1 	-3.4 	0.2 	8.6 	6.3 	7.9 	8.4 	3.6 	3.3 	-0.8 	-3.1 	: 	: 	: 	: 	: 	: 	: 	: 	: 	: 	: 
HOWK,F,CA,PCH_SM,TR	0.7 	21.3 	-5.7 	-27.8 	-6.0 	5.2 	3.0 	4.9 	5.1 	8.2 	15.1 	19.3 	17.8 	-67.3 	-6.8 	1.5 	15.4 	: 	: 	: 	: 	: 	: 	: 	: 	: 	: 	: 	: 	: 	: 	: 	: 
HOWK,F,CA,PCH_SM,UK	: 	: 	: 	0.0 	0.6 	3.6 	4.0 	0.1 	5.6 	2.4 	-0.2 	-1.4 	-5.1 	-4.2 	-1.1 	3.0 	1.3 	2.9 	1.8 	1.1 	0.9 	1.4 	1.3 	0.1 	3.6 	: 	: 	: 	: 	: 	: 	: 	: 
HOWK,F,NSA,I10,AT	: 	: 	: 	: 	: 	102.4 p	100.5 	100.6 	101.9 	103.2 	103.3 	102.4 	100.0 	100.9 	101.8 	99.2 	97.7 	96.7 	98.1 	98.1 	92.7 	95.8 	101.8 	103.7 	108.0 	100.1 	100.4 	: 	: 	: 	: 	: 	: 
HOWK,F,NSA,I10,BE	: 	: 	: 	: 	: 	: 	112.4 p	110.6 	113.5 	113.1 	116.1 	118.6 	100.0 	91.7 	98.2 	100.3 	102.6 	101.0 	104.0 	102.0 	102.6 	103.2 	101.4 	: 	: 	: 	: 	: 	: 	: 	: 	: 	: 
HOWK,F,NSA,I10,BG	: 	: 	: 	: 	: 	73.3 p	76.1 p	82.2 p	88.3 	83.9 	87.2 	91.3 	100.0 	141.0 	166.4 	130.9 	117.0 	101.8 	83.7 	72.3 	65.8 	66.9 	68.6 	: 	: 	: 	: 	: 	: 	: 	: 	: 	: 
HOWK,F,NSA,I10,CH	: 	: 	: 	: 	: 	: 	102.1 e	104.4 e	103.2 e	102.4 e	101.7 e	100.3 e	100.0 e	: 	: 	: 	: 	: 	: 	: 	: 	: 	: 	: 	: 	: 	: 	: 	: 	: 	: 	: 	: 
HOWK,F,NSA,I10,CY	: 	: 	: 	: 	: 	: 	60.6 	57.2 	57.2 	64.3 	83.9 	98.0 	100.0 	118.1 	124.7 	113.5 	103.9 	99.0 	93.6 	87.8 	80.9 	77.6 	73.3 	: 	: 	: 	: 	: 	: 	: 	: 	: 	: 
HOWK,F,NSA,I10,CZ	: 	: 	: 	: 	: 	: 	89.0 	91.2 	90.0 	91.4 	97.6 	98.3 	100.0 	97.0 	99.5 	98.3 	96.0 	94.7 	95.8 	92.0 	90.9 	91.6 	97.5 	: 	: 	: 	: 	: 	: 	: 	: 	: 	: 
HOWK,F,NSA,I10,DE	: 	: 	: 	: 	: 	111.3 p	110.6 	109.2 	110.0 	106.8 	106.4 	107.5 	100.0 	98.5 	99.1 	98.2 	94.5 	92.4 	100.5 s	107.8 s	115.4 s	127.4 s	144.5 s	: 	: 	: 	: 	: 	: 	: 	: 	: 	: 
HOWK,F,NSA,I10,DK	: 	: 	: 	: 	: 	114.6 p	111.3 	107.3 	103.7 	100.4 	102.2 	102.2 	100.0 	107.8 	123.2 	: c	: c	: c	: c	: c	: c	: c	: c	: c	: c	: c	: c	: c	: 	: 	: 	: 	: 
HOWK,F,NSA,I10,EE	: 	: 	: 	: 	: 	124.5 	118.0 	122.1 	112.8 	115.2 	116.7 	102.5 	100.0 	122.3 	145.9 	149.2 	129.8 	111.3 	102.6 	95.6 	91.4 	88.0 	95.4 	: 	: 	: 	: 	: 	: 	: 	: 	: 	: 
HOWK,F,NSA,I10,EL	: 	: 	: 	: 	: 	95.6 	82.6 	70.3 	74.7 	73.9 	75.8 	82.5 	100.0 	110.1 	114.8 	110.2 	107.8 	107.7 	102.1 	101.5 	93.4 	88.2 	82.9 	: 	: 	: 	: 	: 	: 	: 	: 	: 	: 
HOWK,F,NSA,I10,FI	: 	: 	: 	: 	: 	107.6 	104.2 	96.9 	97.0 	100.3 	101.8 	103.0 	100.0 	99.0 	109.4 	103.5 	97.7 	94.5 	88.4 	89.9 	86.3 	85.9 	89.2 	: 	: 	: 	: 	: 	: 	: 	: 	: 	: 
HOWK,F,NSA,I10,FR	: 	: 	: 	: 	: 	: 	89.6 	91.9 	95.0 	96.9 	98.3 	98.8 	100.0 	102.1 	103.7 	101.1 	97.0 	92.9 	90.9 	89.5 	89.7 	89.8 	88.0 	85.6 	: 	: 	: 	: 	: 	: 	: 	: 	: 
HOWK,F,NSA,I10,HR	: 	: 	: 	: 	: 	: 	124.9 	65.8 	68.1 	75.3 	80.4 	95.9 	100.0 	110.7 	118.7 	108.5 	109.0 	105.3 	97.2 	88.8 	83.6 e	80.4 e	78.5 e	: 	: 	: 	: 	: 	: 	: 	: 	: 	: 
HOWK,F,NSA,I10,HU	: 	: 	: 	: 	: 	97.2 p	95.1 p	92.9 p	91.6 p	89.6 p	94.0 p	97.0 p	100.0 p	100.5 p	110.6 	115.4 	125.7 	119.5 	117.0 	112.1 	110.3 	106.4 	107.7 	: 	: 	: 	: 	: 	: 	: 	: 	: 	: 
HOWK,F,NSA,I10,IE	: 	: 	: 	: 	: 	: 	132.6 	115.4 	104.6 	87.6 	89.2 	99.5 	100.0 	132.1 	213.5 	230.2 	221.0 	199.3 	174.6 	158.0 	153.2 	151.1 	143.8 	: 	: 	: 	: 	: 	: 	: 	: 	: 	: 
HOWK,F,NSA,I10,IT	: 	: 	: 	: 	: 	: 	71.6 	72.5 	70.3 	76.0 	85.3 	95.7 	100.0 	108.0 	117.6 	117.2 	106.6 	103.9 	103.7 	98.1 	86.0 	82.5 	80.4 	: 	: 	: 	: 	: 	: 	: 	: 	: 	: 
HOWK,F,NSA,I10,LT	: 	: 	: 	: 	: 	116.7 	116.1 	121.5 	117.4 	111.9 	110.7 	106.5 	100.0 	112.1 	163.6 	166.3 	139.2 	127.5 	124.0 	120.1 	103.9 	99.2 	88.4 	109.4 	126.8 	: 	: 	: 	: 	: 	: 	: 	: 
HOWK,F,NSA,I10,LU	: 	: 	: 	: 	: 	97.9 	97.4 	94.4 	94.8 	91.5 	95.3 	100.2 	100.0 	99.6 	100.2 	101.3 	99.1 	97.5 	99.4 	101.4 	100.3 	98.4 	94.8 	: 	: 	: 	: 	: 	: 	: 	: 	: 	: 
HOWK,F,NSA,I10,LV	: 	: 	: 	: 	: 	: 	118.2 	133.4 	138.7 	137.0 p	123.9 	112.4 	100.0 	121.2 	224.6 	232.8 	182.4 	156.2 	138.2 	119.5 	112.4 	112.4 	107.0 	: 	: 	: 	: 	: 	: 	: 	: 	: 	: 
HOWK,F,NSA,I10,ME	: 	: 	: 	: 	: 	162.0 	129.8 	108.8 	105.9 	127.6 	105.6 	119.8 	100.0 	80.2 	108.1 	92.9 	96.0 	64.2 	58.4 	63.0 	69.5 	69.2 	65.3 	: 	: 	: 	: 	: 	: 	: 	: 	: 	: 
HOWK,F,NSA,I10,MK	: 	: 	: 	: 	: 	174.4 	181.5 	165.2 	145.5 	131.6 	100.9 	114.1 	100.0 	94.5 	96.4 	106.6 	: 	: 	: 	: 	: 	: 	: 	: 	: 	: 	: 	: 	: 	: 	: 	: 	: 
HOWK,F,NSA,I10,MT	: 	: 	: 	: 	: 	97.5 p	99.0 p	98.0 	83.8 	87.0 	96.2 	99.0 	100.0 	108.6 	117.7 	120.8 	111.5 	112.0 	119.6 	125.1 	129.4 	124.6 	124.5 	: 	: 	: 	: 	: 	: 	: 	: 	: 	: 
HOWK,F,NSA,I10,NL	: 	: 	: 	: 	: 	: c	82.0 p	82.7 	85.0 	88.1 	95.4 	100.1 	100.0 	104.2 	106.8 	105.8 	103.8 	104.7 	106.7 	110.1 	115.7 	118.0 	115.4 	113.2 	110.5 	108.1 	104.2 	102.2 	: 	: 	: 	: 	: 
HOWK,F,NSA,I10,NO	: 	: 	: 	: 	: 	126.2 p	122.2 p	117.7 	114.3 	111.5 	109.2 	103.5 	100.0 	102.3 	108.2 	102.8 	94.7 	87.0 	82.7 	80.5 	76.1 	75.0 	74.5 	: 	: 	: 	: 	: 	: 	: 	: 	: 	: 
HOWK,F,NSA,I10,PL	: 	: 	: 	: 	: 	: 	86.6 	87.8 	92.7 	99.2 	110.3 	108.5 	100.0 	98.0 	93.3 	88.6 	81.7 	77.5 	70.6 	77.0 	95.6 	106.7 	116.2 	: 	: 	: 	: 	: 	: 	: 	: 	: 	: 
HOWK,F,NSA,I10,PT	: 	: 	: 	: 	: 	54.3 	53.5 	56.1 	58.1 	63.8 	75.2 	88.2 	100.0 	111.1 	123.5 	127.6 	132.7 	141.4 	138.5 	142.6 	153.8 	155.3 	149.7 	: 	: 	: 	: 	: 	: 	: 	: 	: 	: 
HOWK,F,NSA,I10,RO	: 	: 	: 	: 	: 	109.5 	113.2 	107.9 	101.7 	103.8 	106.6 	100.3 	100.0 	116.2 	142.6 p	133.4 p	118.8 p	118.8 p	106.8 p	109.2 p	110.3 p	115.7 p	115.0 p	: 	: 	: 	: 	: 	: 	: 	: 	: 	: 
HOWK,F,NSA,I10,RS	: 	: 	: 	: 	: 	: 	104.5 	104.2 	103.5 	100.8 	101.8 	103.9 	100.4 e	100.0 e	100.2 e	99.8 e	96.8 e	95.0 e	96.8 e	95.4 e	95.7 e	96.3 e	95.6 e	: 	: 	: 	: 	: 	: 	: 	: 	: 	: 
HOWK,F,NSA,I10,SE	: 	: 	: 	: 	: 	127.8 e	124.9 e	117.0 e	112.3 e	111.4 e	109.1 e	104.4 e	100.0 e	98.3 e	100.5 e	96.4 e	85.5 e	81.0 e	79.4 e	80.5 e	80.7 e	80.4 e	76.9 e	: 	: 	: 	: 	: 	: 	: 	: 	: 	: 
HOWK,F,NSA,I10,SI	: 	: 	: 	: 	: 	: 	97.5 	97.4 	97.8 	97.8 	98.8 	99.7 	100.3 	100.6 	101.8 	101.8 	102.4 	101.6 	104.1 	104.3 	104.3 	104.6 	105.5 	: 	: 	: 	: 	: 	: 	: 	: 	: 	: 
HOWK,F,NSA,I10,SK	: 	: 	: 	: 	: 	86.6 p	85.2 	84.6 	84.8 	86.7 	90.7 	95.3 	100.0 	102.7 	102.9 	94.7 	88.2 	82.3 	76.7 	73.2 	71.0 	71.8 	73.5 	: 	: 	: 	: 	: 	: 	: 	: 	: 	: 
HOWK,F,NSA,I10,TR	: 	: 	: 	: 	: 	63.3 	69.5 	76.3 	84.4 	95.8 	102.1 	101.6 	100.0 	98.4 	121.0 	129.4 	127.6 	110.7 	: 	: 	: 	: 	: 	: 	: 	: 	: 	: 	: 	: 	: 	: 	: 
HOWK,F,NSA,I10,UK	: 	: 	: 	: 	: 	: 	111.2 	106.7 	107.0 	101.3 	99.1 	99.2 	100.0 	105.5 	110.8 	113.1 	109.9 	108.3 	104.7 	103.0 	102.1 	101.1 	99.6 	98.1 	97.4 	93.9 	: 	: 	: 	: 	: 	: 	: 
HOWK,F,NSA,I15,AT	121.0 	118.9 	110.4 	112.5 	107.1 	102.7 	100.2 	100.0 	101.3 	102.6 	102.7 	101.8 	99.5 	100.4 	101.2 	98.6 	97.2 	96.2 	97.6 	97.6 	92.2 	95.3 	101.3 	103.1 	107.4 	99.6 	99.9 	: 	: 	: 	: 	: 	: 
HOWK,F,NSA,I15,BE	108.9 p	105.3 p	97.2 	108.9 	107.5 	103.4 	101.3 	100.0 	102.6 	102.3 	105.0 	107.2 	90.4 	82.9 	88.8 	90.7 	92.8 	91.3 	94.1 	92.2 	92.8 	93.3 	91.6 	: 	: 	: 	: 	: 	: 	: 	: 	: 	: 
HOWK,F,NSA,I15,BG	83.7 p	87.3 p	96.0 	99.6 	97.3 	94.5 	93.7 	100.0 	99.9 	94.9 	98.7 	103.3 	113.6 	159.5 	188.2 	148.1 	132.4 	115.2 	94.7 	81.8 	74.4 	75.7 	77.7 	: 	: 	: 	: 	: 	: 	: 	: 	: 	: 
HOWK,F,NSA,I15,CH	104.3 e	104.4 e	101.0 e	101.5 e	100.6 e	98.9 e	98.5 e	100.0 e	99.1 e	98.3 e	97.2 e	96.2 e	95.8 e	: 	: 	: 	: 	: 	: 	: 	: 	: 	: 	: 	: 	: 	: 	: 	: 	: 	: 	: 	: 
HOWK,F,NSA,I15,CY	187.8 	184.9 	169.1 	174.4 	155.2 	133.7 	112.9 	100.0 	99.0 	105.5 	152.6 	184.1 	195.2 	201.6 	216.1 	194.7 	179.7 	169.8 	160.8 	152.0 	139.2 	133.4 	125.8 	: 	: 	: 	: 	: 	: 	: 	: 	: 	: 
HOWK,F,NSA,I15,CZ	89.9 	90.8 	95.8 	99.5 	98.7 	97.9 	97.0 	100.0 	98.7 	100.2 	106.9 	107.8 	109.6 	106.4 	109.1 	107.8 	105.3 	103.9 	105.1 	100.9 	99.7 	100.4 	106.9 	: 	: 	: 	: 	: 	: 	: 	: 	: 	: 
HOWK,F,NSA,I15,DE	107.8 p	107.9 	107.7 	106.1 	104.4 	103.1 	101.7 	100.0 	100.7 	97.8 	97.4 	98.5 	91.6 	90.2 	90.8 	89.9 	86.5 	84.6 	91.0 	97.7 	106.4 	117.1 	130.2 	: 	: 	: 	: 	: 	: 	: 	: 	: 	: 
HOWK,F,NSA,I15,DK	125.9 p	121.4 	114.6 	110.5 	109.6 	107.2 	103.9 	100.0 	96.6 	93.7 	106.1 	106.2 	104.0 	112.1 	128.2 	: c	: c	: c	: c	: c	: c	: c	: c	: c	: c	: c	: c	: c	: 	: 	: 	: 	: 
HOWK,F,NSA,I15,EA19	113.8 	110.9 	104.2 	108.6 	106.2 	103.4 	101.2 	100.0 	99.6 	100.1 	103.1 	107.6 	108.3 	116.4 	129.6 	131.3 	127.2 	123.9 	119.6 	119.2 	118.5 	121.3 	123.0 	: 	: 	: 	: 	: 	: 	: 	: 	: 	: 
HOWK,F,NSA,I15,EA20	114.3 	111.3 	104.6 	108.8 	106.1 	103.3 	101.1 	100.0 	98.9 	99.5 	102.5 	107.2 	107.9 	116.0 	129.1 	130.7 	126.6 	123.3 	119.0 	118.5 	117.7 	120.5 	122.1 	: 	: 	: 	: 	: 	: 	: 	: 	: 	: 
HOWK,F,NSA,I15,EE	117.2 	112.6 	106.0 	113.7 	110.8 	102.2 	96.6 	100.0 	92.4 	94.4 	95.6 	84.0 	81.9 	100.2 	119.5 	122.2 	106.3 	91.2 	84.0 	78.3 	74.8 	72.1 	78.1 	: 	: 	: 	: 	: 	: 	: 	: 	: 	: 
HOWK,F,NSA,I15,EL	119.5 	124.5 	137.2 	139.7 	154.9 	143.5 	119.4 	100.0 	103.3 	102.3 	104.9 	114.2 	138.4 	152.5 	159.0 	152.6 	149.2 	149.1 	141.4 	140.5 	129.3 	122.1 	114.8 	: 	: 	: 	: 	: 	: 	: 	: 	: 	: 
HOWK,F,NSA,I15,ES	107.0 p	103.3 	102.2 	112.4 	112.3 	109.0 	104.7 	100.0 	91.7 	85.9 	81.7 	87.9 	95.4 	130.8 	184.7 	204.9 	206.2 	196.3 	159.7 	151.4 	139.6 	142.5 	138.7 	: 	: 	: 	: 	: 	: 	: 	: 	: 	: 
HOWK,F,NSA,I15,EU27_2020	114.8 	111.8 	106.1 	109.5 	106.1 	102.9 	101.2 	100.0 	99.0 	99.9 	103.8 	106.9 	106.8 	114.3 	126.3 	125.8 	121.0 	117.4 	112.5 	112.3 	113.2 	116.5 	118.5 	: 	: 	: 	: 	: 	: 	: 	: 	: 	: 
HOWK,F,NSA,I15,FI	104.1 	107.3 	117.4 	116.6 	123.0 	116.0 	106.4 	100.0 	101.7 	105.6 	105.8 	107.2 	103.8 	100.8 b	154.3 	146.0 	137.8 	133.3 	124.7 	126.9 	121.8 	121.2 	125.8 	: 	: 	: 	: 	: 	: 	: 	: 	: 	: 
HOWK,F,NSA,I15,FR	114.9 	112.3 	98.9 	105.4 	101.3 	99.1 	98.6 	100.0 	103.8 	106.1 	108.3 	108.9 	109.8 	112.0 	113.9 	111.0 	106.5 	102.0 	99.8 	98.3 	98.5 	98.6 	96.6 	94.0 	: 	: 	: 	: 	: 	: 	: 	: 	: 
HOWK,F,NSA,I15,HR	144.6 	142.0 	131.8 	121.6 	100.9 	96.3 	99.1 	100.0 	54.0 	59.8 	63.8 	76.1 	79.4 	87.8 	94.2 	86.1 	86.5 	83.6 	77.2 	70.5 	66.4 	63.8 	62.3 	: 	: 	: 	: 	: 	: 	: 	: 	: 	: 
HOWK,F,NSA,I15,HU	150.3 	143.1 	133.4 	136.9 	113.6 	104.6 	102.4 	100.0 	98.6 	96.4 	101.1 	104.4 	107.6 	108.1 	119.0 	124.2 	135.3 	128.6 	125.9 	120.6 	118.7 	114.5 	115.9 	: 	: 	: 	: 	: 	: 	: 	: 	: 	: 
HOWK,F,NSA,I15,IE	174.5 p	145.1 	137.2 	145.8 	141.9 	124.6 	115.5 	100.0 	89.3 	73.9 	72.9 	80.8 	82.5 	123.0 	182.6 	199.2 	191.3 	172.5 	151.1 	136.7 	132.6 	130.8 	124.5 	: 	: 	: 	: 	: 	: 	: 	: 	: 	: 
HOWK,F,NSA,I15,IT	132.0 p	121.6 	101.0 	107.4 	103.2 	101.7 	101.1 	100.0 	95.0 	102.7 	115.3 	129.4 	135.2 	146.8 	159.8 	159.2 	145.0 	141.3 	141.1 	133.4 	117.0 	112.2 	109.3 	: 	: 	: 	: 	: 	: 	: 	: 	: 	: 
HOWK,F,NSA,I15,LT	98.1 	97.3 	98.2 	105.3 	101.3 	96.0 	95.5 	100.0 	96.6 	92.2 	91.1 	87.7 	82.3 	92.3 	134.7 	136.9 	114.6 	104.9 	102.1 	98.9 	85.6 	81.7 	72.8 	90.0 	104.4 	: 	: 	: 	: 	: 	: 	: 	: 
HOWK,F,NSA,I15,LU	105.8 p	105.2 	99.6 	110.6 	108.8 	104.6 	103.3 	100.0 	100.4 	96.9 	100.9 	106.1 	105.9 	105.5 	106.1 	107.3 	105.0 	103.3 	105.3 	107.4 	106.2 	104.3 	100.5 	: 	: 	: 	: 	: 	: 	: 	: 	: 	: 
HOWK,F,NSA,I15,LV	103.3 	102.4 	94.8 p	100.8 	97.7 e	94.1 	88.6 	100.0 	104.0 	102.7 p	92.9 	84.3 	75.0 	90.9 	168.4 	174.5 	136.7 	117.1 	103.6 	89.6 	84.3 	84.2 	80.2 	: 	: 	: 	: 	: 	: 	: 	: 	: 	: 
HOWK,F,NSA,I15,ME	165.4 	169.4 	168.5 	175.3 	168.3 	148.9 	119.3 	100.0 	97.3 	117.2 	97.0 	110.1 	91.9 	89.8 	115.5 	76.8 	76.5 	55.8 	44.3 	40.3 	42.5 	40.8 	27.2 	: 	: 	: 	: 	: 	: 	: 	: 	: 	: 
HOWK,F,NSA,I15,MK	80.8 	84.5 	85.3 	89.3 	99.1 	105.6 	109.9 	100.0 	88.1 	79.7 	61.1 	69.1 	60.5 	57.2 	58.4 	64.5 	: 	: 	: 	: 	: 	: 	: 	: 	: 	: 	: 	: 	: 	: 	: 	: 	: 
HOWK,F,NSA,I15,MT	95.6 p	93.7 p	94.0 	91.4 	83.1 	83.6 	101.6 	100.0 	85.5 	88.8 	98.2 	101.1 	102.1 	110.8 	120.1 	123.3 	113.8 	114.3 	122.0 	127.7 	132.1 	127.2 	127.0 	: 	: 	: 	: 	: 	: 	: 	: 	: 	: 
HOWK,F,NSA,I15,NL	: c	112.7 p	105.9 p	110.3 	106.1 	102.6 	99.2 	100.0 	102.8 	106.6 	115.3 	121.1 	120.9 	126.0 	129.0 	127.9 	125.4 	126.5 	128.9 	133.0 	139.9 	142.6 	139.5 	136.8 	133.6 	130.6 	127.0 	123.5 	: 	: 	: 	: 	: 
HOWK,F,NSA,I15,NO	117.1 p	112.0 p	110.8 	111.8 	108.3 	105.7 	102.8 	100.0 	97.2 	94.8 	92.8 	88.0 	85.0 	86.9 	91.9 	86.9 	80.0 	73.6 	70.1 	68.4 	64.9 	64.2 	63.8 	: 	: 	: 	: 	: 	: 	: 	: 	: 	: 
HOWK,F,NSA,I15,PL	111.8 	108.3 	108.3 	108.7 	104.6 	98.9 	98.6 	100.0 	105.6 	113.0 	125.7 	123.7 	114.0 	111.7 	106.4 	101.0 	93.1 	88.4 	80.4 	87.8 	108.9 	121.6 	132.4 	: 	: 	: 	: 	: 	: 	: 	: 	: 	: 
HOWK,F,NSA,I15,PT	102.9 	101.5 	98.5 	101.0 	98.9 	96.4 	95.4 	100.0 	103.7 	113.7 	134.1 	157.2 	178.3 	198.1 	220.3 	227.6 	236.6 	252.1 	247.0 	254.3 	274.2 	276.9 	266.9 	: 	: 	: 	: 	: 	: 	: 	: 	: 	: 
HOWK,F,NSA,I15,RO	126.1 	124.3 	116.1 	113.2 	107.9 	101.5 	104.9 	100.0 	94.3 	96.3 	98.9 	93.0 	92.7 	107.7 	132.2 	123.7 	110.1 	110.1 	99.0 	101.2 	102.3 	107.3 	106.6 	: 	: 	: 	: 	: 	: 	: 	: 	: 	: 
HOWK,F,NSA,I15,RS	105.1 	106.6 	105.0 	108.5 	100.1 	100.2 	100.1 	99.9 	99.2 	96.6 	97.5 	99.5 	96.3 e	95.8 e	96.0 e	95.7 e	92.7 e	91.1 e	92.8 e	91.5 e	91.7 e	92.3 e	91.7 e	: 	: 	: 	: 	: 	: 	: 	: 	: 	: 
HOWK,F,NSA,I15,SE	123.0 e	115.8 e	111.7 e	117.9 e	109.9 e	109.2 e	106.8 e	100.0 e	96.0 e	95.3 e	93.3 e	89.3 e	85.5 e	84.0 e	85.9 e	82.4 e	73.1 e	69.3 e	67.9 e	68.8 e	69.0 e	68.8 e	65.7 e	: 	: 	: 	: 	: 	: 	: 	: 	: 	: 
HOWK,F,NSA,I15,SI	94.1 	95.2 	93.6 	91.8 	91.4 	93.0 	94.0 	100.0 	98.5 	97.4 	96.6 	98.2 	98.7 	97.9 	96.6 	96.3 	97.8 	98.5 	101.0 	99.2 	97.1 	95.6 	98.2 	: 	: 	: 	: 	: 	: 	: 	: 	: 	: 
HOWK,F,NSA,I15,SK	98.4 	99.2 	103.0 	112.2 	105.1 	102.3 	100.7 	100.0 	100.2 	102.4 	107.2 	112.7 	118.2 	121.4 	121.7 	111.9 	104.2 	97.3 	90.7 	86.5 	83.9 	84.8 	86.9 	: 	: 	: 	: 	: 	: 	: 	: 	: 	: 
HOWK,F,NSA,I15,TR	84.8 	83.7 	69.6 	73.4 	101.7 	108.4 	103.0 	100.0 	95.2 	90.4 	83.8 	72.7 	60.8 	51.8 	158.6 	169.7 	167.4 	145.2 	: 	: 	: 	: 	: 	: 	: 	: 	: 	: 	: 	: 	: 	: 	: 
HOWK,F,NSA,I15,UK	: 	: 	: 	108.5 	108.5 	107.9 	104.1 	100.0 	100.1 	94.8 	92.6 	92.8 	93.8 	99.1 	102.8 	104.6 	101.7 	100.4 	97.1 	95.8 	94.8 	94.0 	92.8 	91.5 	91.4 	87.7 	: 	: 	: 	: 	: 	: 	: 
WAGE,F,CA,I15,AL	163.7 	141.2 	128.9 	129.1 	127.6 	119.3 	105.8 	100.0 	87.5 	81.4 	72.2 	71.1 	75.8 	69.6 	64.1 	40.6 	34.4 	32.5 s	: 	: 	: 	: 	: 	: 	: 	: 	: 	: 	: 	: 	: 	: 	: 
WAGE,F,CA,I15,AT	145.5 	136.4 	127.6 	123.4 	113.8 	106.0 	101.9 	100.0 	99.0 	97.9 	95.9 	91.7 	88.3 	88.2 	85.5 	81.1 	77.4 	74.8 	73.6 	72.6 	68.2 	68.4 	70.4 	69.5 	70.7 	63.9 	63.0 	: 	: 	: 	: 	: 	: 
WAGE,F,CA,I15,BE	128.6 p	118.0 p	109.8 p	118.1 p	113.3 p	105.7 p	101.0 p	100.0 p	101.9 p	100.7 p	100.9 p	98.7 p	90.0 p	90.6 p	90.5 p	84.2 p	78.2 p	72.9 p	71.3 p	69.0 p	67.8 p	65.8 p	61.4 p	: 	: 	: 	: 	: 	: 	: 	: 	: 	: 
WAGE,F,CA,I15,BG	151.8 p	142.8 p	142.5 	137.9 	118.9 	107.7 	96.8 	100.0 	93.8 	85.3 	84.2 	87.0 	92.2 	119.0 	115.7 	67.2 	49.1 	40.3 	30.2 	24.6 	19.9 	20.3 	20.3 	: 	: 	: 	: 	: 	: 	: 	: 	: 	: 
WAGE,F,CA,I15,CY	195.6 p	185.1 	163.9 	170.4 	148.6 	127.6 	108.0 	100.0 	102.3 	116.0 	154.9 	183.4 	191.2 	196.0 	195.5 	182.7 	170.5 	159.4 	144.0 	132.0 	117.1 	105.3 	95.6 	: 	: 	: 	: 	: 	: 	: 	: 	: 	: 
WAGE,F,CA,I15,CZ	146.0 	134.4 	131.0 	126.5 	117.1 	107.4 	101.9 	100.0 	96.6 	97.4 	106.1 	109.2 	113.7 	115.1 	111.5 	101.7 	94.4 	88.7 	82.9 	76.5 	71.2 	72.8 	68.5 	: 	: 	: 	: 	: 	: 	: 	: 	: 	: 
WAGE,F,CA,I15,DE	135.6 p	129.1 p	124.8 p	121.1 p	115.1 p	108.4 p	103.7 p	100.0 p	90.6 	86.8 	84.3 	81.8 	76.8 	74.9 	73.9 	72.2 	69.3 	68.8 	73.5 	79.1 	85.7 	91.0 	97.0 	: 	: 	: 	: 	: 	: 	: 	: 	: 	: 
WAGE,F,CA,I15,DK	156.3 p	146.0 	135.5 	126.9 	121.9 	114.7 	107.4 	100.0 	93.7 	89.7 	101.8 	100.3 	96.9 	103.6 	117.4 	: c	: c	: c	: c	: c	: c	: c	: c	: c	: c	: c	: c	: c	: 	: 	: 	: 	: 
WAGE,F,CA,I15,EA19	134.8 	125.8 	117.0 	118.4 	112.8 	106.9 	102.6 	100.0 	96.7 	96.0 	97.1 	98.2 	96.4 	101.6 s	107.4 s	103.9 s	96.3 s	91.6 s	86.7 s	85.0 s	84.1 s	82.7 s	80.7 s	: 	: 	: 	: 	: 	: 	: 	: 	: 	: 
WAGE,F,CA,I15,EA20	134.8 	125.8 	117.0 	118.4 	112.8 	106.9 	102.6 	100.0 	96.8 	96.0 	97.1 	98.2 	96.4 	101.6 s	107.4 s	103.9 s	96.3 s	91.5 s	86.7 s	85.0 s	84.0 s	82.6 s	80.6 s	: 	: 	: 	: 	: 	: 	: 	: 	: 	: 
WAGE,F,CA,I15,EE	179.8 	155.4 	133.5 	143.8 	129.2 	111.7 	97.5 	100.0 	95.4 	93.0 	86.2 	68.4 	61.9 	79.0 	108.2 	103.4 	73.1 	51.2 	42.3 	35.1 	29.7 	23.7 	23.8 	: 	: 	: 	: 	: 	: 	: 	: 	: 	: 
WAGE,F,CA,I15,EL	107.4 p	101.5 p	109.6 p	105.7 p	125.5 p	126.3 p	114.6 p	100.0 p	114.5 p	105.3 p	118.8 p	147.0 p	180.4 p	196.8 p	195.8 p	182.3 p	171.6 p	167.7 p	181.3 p	174.9 p	156.2 p	121.5 p	109.8 p	: 	: 	: 	: 	: 	: 	: 	: 	: 	: 
WAGE,F,CA,I15,ES	117.2 p	109.3 p	111.6 p	117.8 p	116.1 p	108.7 p	104.3 p	100.0 p	91.0 p	84.8 p	84.3 p	91.1 p	96.7 p	134.3 p	174.0 p	180.4 p	163.1 p	155.1 p	117.7 p	112.4 p	106.8 p	100.8 p	91.3 p	: 	: 	: 	: 	: 	: 	: 	: 	: 	: 
WAGE,F,CA,I15,EU27_2020	140.1 	129.8 	120.9 	121.6 	114.8 	107.9 	103.2 	100.0 	96.4 	95.5 	97.0 	97.4 	95.2 	99.8 s	105.2 s	100.9 s	92.8 s	87.8 s	83.0 s	81.4 s	80.4 s	79.2 s	77.0 s	: 	: 	: 	: 	: 	: 	: 	: 	: 	: 
WAGE,F,CA,I15,FI	136.9 	129.1 	125.8 	124.5 	121.7 	114.0 	105.4 	100.0 	97.1 	96.5 	94.7 	89.5 	82.9 	82.2 	86.1 	77.5 	69.5 	64.0 	59.3 	56.4 	53.3 	51.9 	47.7 	42.3 	38.6 	33.7 	30.2 	27.8 	: 	: 	: 	: 	: 
WAGE,F,CA,I15,FR	131.0 p	124.5 p	111.0 p	115.6 p	109.0 p	104.9 p	100.8 p	100.0 p	101.8 p	102.3 p	102.4 p	101.7 p	98.6 p	98.2 p	99.1 p	92.8 p	86.3 p	79.7 p	75.2 p	71.1 p	68.9 p	66.5 p	62.3 p	: 	: 	: 	: 	: 	: 	: 	: 	: 	: 
WAGE,F,CA,I15,HR	136.0 	124.9 	120.6 	118.6 	113.8 	107.5 	102.1 	100.0 	108.1 	107.1 	105.0 	103.8 	102.8 	107.0 	106.8 	100.5 	92.3 	85.9 	84.0 	80.5 	74.9 	65.4 	60.5 	: 	: 	: 	: 	: 	: 	: 	: 	: 	: 
WAGE,F,CA,I15,HU	317.5 	258.7 	223.2 	206.3 	148.8 	122.3 	103.9 	100.0 	93.9 	90.5 	87.6 	87.6 	87.3 	87.4 	90.6 	89.1 	83.1 	71.1 	64.8 	57.9 	52.0 	46.8 	37.4 	: 	: 	: 	: 	: 	: 	: 	: 	: 	: 
WAGE,F,CA,I15,IE	217.6 p	173.3 	151.4 	161.8 	152.1 	128.6 	117.4 	100.1 	89.3 	74.1 	72.4 	79.0 	85.8 	132.5 	187.9 	203.5 	184.7 	163.8 	134.0 	115.6 	106.7 	96.6 	84.6 	: 	: 	: 	: 	: 	: 	: 	: 	: 	: 
WAGE,F,CA,I15,IT	143.4 	123.2 	100.6 	107.8 	103.3 	101.8 	101.5 	100.0 	99.3 	105.6 	115.8 	125.4 	125.2 	130.3 	134.7 	128.1 	114.8 	108.0 	103.6 	95.4 	84.1 	77.3 	73.6 	: 	: 	: 	: 	: 	: 	: 	: 	: 	: 
WAGE,F,CA,I15,LT	174.1 	163.9 	148.9 	144.3 	132.2 	118.3 	103.7 	100.0 	91.8 	83.0 	74.6 	69.8 	61.7 	78.5 	148.0 	127.7 	87.4 	61.6 	49.3 	42.7 	34.2 	33.3 	28.7 	: 	: 	: 	: 	: 	: 	: 	: 	: 	: 
WAGE,F,CA,I15,LU	128.1 p	122.0 	117.4 	120.6 	115.3 	110.4 	103.0 	100.0 	99.6 	96.8 	96.1 	93.2 	92.6 	: 	: 	: 	: 	: 	: 	: 	: 	: 	: 	: 	: 	: 	: 	: 	: 	: 	: 	: 	: 
WAGE,F,CA,I15,LV	162.3 e	154.5 e	144.3 e	138.7 p	122.9 p	105.2 p	95.6 p	100.0 p	95.1 p	85.3 p	71.9 p	63.9 p	54.9 p	71.4 p	128.9 p	110.6 p	64.0 p	42.6 p	31.1 p	24.0 p	19.7 p	18.8 p	17.2 p	: 	: 	: 	: 	: 	: 	: 	: 	: 	: 
WAGE,F,CA,I15,ME	124.1 	106.3 	101.2 	100.9 	104.1 	98.6 	101.3 	99.4 	95.9 	106.4 	90.9 	91.5 	98.9 	84.3 	80.3 	64.9 	45.9 	29.1 e	20.9 e	23.9 e	26.6 e	15.6 e	15.3 e	: 	: 	: 	: 	: 	: 	: 	: 	: 	: 
WAGE,F,CA,I15,MK	163.1 s	142.8 s	134.0 s	123.1 s	114.6 s	108.1 s	110.3 s	100.0 s	95.4 s	89.0 s	84.7 s	82.7 s	81.0 s	: 	: 	: 	: 	: 	: 	: 	: 	: 	: 	: 	: 	: 	: 	: 	: 	: 	: 	: 	: 
WAGE,F,CA,I15,MT	137.4 p	127.5 p	119.1 	113.2 	99.3 	96.6 	104.2 	100.0 	89.4 	88.3 	94.9 	95.4 	95.7 	99.3 	102.8 	104.6 	95.1 	95.8 	98.4 	100.8 	100.7 	99.3 	96.6 	: 	: 	: 	: 	: 	: 	: 	: 	: 	: 
WAGE,F,CA,I15,NL	: c	128.9 p	123.3 p	118.7 	112.7 	107.0 	102.7 	100.0 	101.5 	107.5 	115.3 	117.2 	117.7 	120.5 	119.5 	114.6 	109.7 	106.4 	105.5 	105.8 	106.7 	102.8 	95.2 	88.9 	82.5 	81.5 	76.9 	74.6 	: 	: 	: 	: 	: 
WAGE,F,CA,I15,NO	153.0 p	141.4 p	133.3 p	131.0 p	123.5 p	115.2 p	105.5 	100.0 	94.9 	90.0 	83.9 	77.1 	74.8 	69.9 	73.9 	66.9 	57.6 	51.0 	46.8 	44.0 	40.7 	37.8 	35.2 	34.1 	30.9 	26.7 	22.5 	: 	: 	: 	: 	: 	: 
WAGE,F,CA,I15,PL	177.6 	156.4 	145.8 	140.0 	126.3 	111.3 	103.4 	100.0 	101.5 	104.9 	113.8 	111.5 	99.5 	95.8 	88.9 	74.5 	59.5 	52.2 	44.7 	47.6 	55.5 	61.5 	63.7 	: 	: 	: 	: 	: 	: 	: 	: 	: 	: 
WAGE,F,CA,I15,PT	119.9 s	113.0 s	105.1 s	106.7 s	100.7 s	96.8 s	95.2 s	100.0 s	102.9 s	113.2 s	132.0 s	157.0 s	177.7 s	196.0 s	207.5 s	196.7 s	188.9 s	186.6 s	194.2 s	183.8 s	191.2 s	182.1 s	165.9 s	: 	: 	: 	: 	: 	: 	: 	: 	: 	: 
WAGE,F,CA,I15,RO	332.4 	293.1 	265.0 	244.7 	195.1 	130.5 	119.6 	100.0 	88.5 	90.7 	90.3 	81.8 	77.3 	87.9 	98.1 	75.2 	53.3 	44.5 	34.1 	31.2 	24.2 	19.1 	13.0 	: 	: 	: 	: 	: 	: 	: 	: 	: 	: 
WAGE,F,CA,I15,RS	156.4 	139.2 	127.5 	119.8 	105.7 	97.6 	95.5 	100.0 	92.7 	90.9 	89.7 	86.9 	80.1 e	76.4 e	72.7 e	61.8 e	53.1 e	43.9 e	36.6 e	30.4 e	23.1 e	13.8 e	6.3 e	: 	: 	: 	: 	: 	: 	: 	: 	: 	: 
WAGE,F,CA,I15,SE	146.7 e	131.4 e	125.4 e	130.1 e	119.7 e	112.7 e	107.7 e	100.0 e	92.3 e	89.0 e	85.4 e	78.7 e	72.4 e	71.7 e	71.5 e	65.9 e	57.2 e	52.2 e	49.9 e	50.1 e	48.0 e	45.4 e	41.2 e	: 	: 	: 	: 	: 	: 	: 	: 	: 	: 
WAGE,F,CA,I15,SI	134.9 	125.9 	117.6 	110.9 	108.4 	104.0 	101.4 	100.0 	100.5 	100.6 	102.7 	105.3 	103.4 	98.9 	97.8 	90.9 	85.3 	80.2 	78.2 	73.2 	67.4 	61.6 	56.8 	: 	: 	: 	: 	: 	: 	: 	: 	: 	: 
WAGE,F,CA,I15,SK	131.0 	135.1 	133.6 	138.6 	123.0 	111.0 	104.7 	100.0 	95.7 	97.5 	100.7 	105.1 	105.4 	105.7 	104.1 	89.6 	79.6 	71.2 	63.0 	57.4 	54.1 	52.1 	51.7 	: 	: 	: 	: 	: 	: 	: 	: 	: 	: 
WAGE,F,CA,I15,TR	406.5 	232.7 	164.9 	156.5 	166.9 	147.5 	128.3 	100.0 	84.8 	73.2 	60.8 	47.3 	36.5 	29.3 	61.3 	56.0 	50.9 	39.7 	: 	: 	: 	: 	: 	: 	: 	: 	: 	: 	: 	: 	: 	: 	: 
WAGE,F,CA,PCH_SM,AL	15.9 	9.5 	-0.2 	1.2 	7.0 	12.8 	5.8 	14.3 	7.5 	12.7 	1.5 	-6.2 	8.9 	8.6 	57.9 	18.0 	5.8 s	: 	: 	: 	: 	: 	: 	: 	: 	: 	: 	: 	: 	: 	: 	: 	: 
WAGE,F,CA,PCH_SM,AT	6.7 	6.9 	3.4 	8.4 	7.4 	4.0 	1.9 	1.0 	1.1 	2.1 	4.6 	3.9 	0.1 	3.2 	5.4 	4.8 	3.5 	1.6 	1.4 	6.5 	-0.3 	-2.8 	1.3 	-1.7 	10.6 	1.4 	: 	: 	: 	: 	: 	: 	: 
WAGE,F,CA,PCH_SM,BE	9.0 p	7.5 p	-7.0 p	4.2 p	7.2 p	4.7 p	1.0 p	-1.9 p	1.2 p	-0.2 p	2.2 p	9.7 p	-0.7 p	0.1 p	7.5 p	7.7 p	7.3 p	2.2 p	3.3 p	1.8 p	3.0 p	7.2 p	: 	: 	: 	: 	: 	: 	: 	: 	: 	: 	: 
WAGE,F,CA,PCH_SM,BG	6.3 p	0.2 p	3.3 	16.0 	10.4 	11.3 	-3.2 	6.6 	10.0 	1.3 	-3.2 	-5.6 	-22.5 	2.9 	72.2 	36.9 	21.8 	33.4 	22.8 	23.6 	-2.0 	0.0 	: 	: 	: 	: 	: 	: 	: 	: 	: 	: 	: 
WAGE,F,CA,PCH_SM,CY	5.7 p	12.9 	-3.8 	14.7 	16.5 	18.1 	8.0 	-2.2 	-11.8 	-25.1 	-15.5 	-4.1 	-2.4 	0.3 	7.0 	7.2 	7.0 	10.7 	9.1 	12.7 	11.2 	10.1 	: 	: 	: 	: 	: 	: 	: 	: 	: 	: 	: 
WAGE,F,CA,PCH_SM,CZ	8.6 	2.6 	3.6 	8.0 	9.0 	5.4 	1.9 	3.5 	-0.8 	-8.2 	-2.8 	-4.0 	-1.2 	3.2 	9.6 	7.7 	6.4 	7.0 	8.4 	7.4 	-2.2 	6.3 	: 	: 	: 	: 	: 	: 	: 	: 	: 	: 	: 
WAGE,F,CA,PCH_SM,DE	5.0 p	3.4 p	3.1 p	5.2 p	6.2 p	4.5 p	3.7 p	10.4 p	4.4 	3.0 	3.1 	6.5 	2.5 	1.4 	2.4 	4.2 	0.7 	-6.4 	-7.1 	-7.7 	-5.8 	-6.2 	: 	: 	: 	: 	: 	: 	: 	: 	: 	: 	: 
WAGE,F,CA,PCH_SM,DK	7.1 p	7.7 	6.8 	4.1 	6.3 	6.8 	7.4 	6.7 	4.5 	-11.9 	1.5 	3.5 	-6.5 	-11.8 	: c	: c	: c	: c	: c	: c	: c	: c	: c	: c	: c	: c	: c	: 	: 	: 	: 	: 	: 
WAGE,F,CA,PCH_SM,EA19	7.2 	7.5 	-1.2 	5.0 	5.5 	4.2 	2.6 	3.4 	0.7 	-1.1 	-1.1 	1.9 	-5.1 s	-5.4 s	3.4 s	7.9 s	5.1 s	5.7 s	2.0 s	1.1 s	1.7 s	2.5 s	: 	: 	: 	: 	: 	: 	: 	: 	: 	: 	: 
WAGE,F,CA,PCH_SM,EA20	7.2 	7.5 	-1.2 	5.0 	5.5 	4.2 	2.6 	3.3 	0.8 	-1.1 	-1.1 	1.9 	-5.1 s	-5.4 s	3.4 s	7.9 s	5.2 s	5.5 s	2.0 s	1.2 s	1.7 s	2.5 s	: 	: 	: 	: 	: 	: 	: 	: 	: 	: 	: 
WAGE,F,CA,PCH_SM,EE	15.7 	16.4 	-7.2 	11.3 	15.7 	14.6 	-2.5 	4.8 	2.6 	7.9 	26.0 	10.5 	-21.6 	-27.0 	4.6 	41.5 	42.8 	21.0 	20.5 	18.2 	25.3 	-0.4 	: 	: 	: 	: 	: 	: 	: 	: 	: 	: 	: 
WAGE,F,CA,PCH_SM,EL	5.8 p	-7.4 p	3.7 p	-15.8 p	-0.6 p	10.2 p	14.6 p	-12.7 p	8.7 p	-11.4 p	-19.2 p	-18.5 p	-8.3 p	0.5 p	7.4 p	6.2 p	2.3 p	-7.5 p	3.7 p	12.0 p	28.6 p	10.7 p	: 	: 	: 	: 	: 	: 	: 	: 	: 	: 	: 
WAGE,F,CA,PCH_SM,ES	7.2 p	-2.1 p	-5.3 p	1.5 p	6.8 p	4.2 p	4.3 p	9.9 p	7.3 p	0.6 p	-7.5 p	-5.8 p	-28.0 p	-22.8 p	-3.5 p	10.6 p	5.2 p	31.8 p	4.7 p	5.2 p	6.0 p	10.4 p	: 	: 	: 	: 	: 	: 	: 	: 	: 	: 	: 
WAGE,F,CA,PCH_SM,EU27_2020	7.9 	7.4 	-0.6 	5.9 	6.4 	4.6 	3.2 	3.7 	0.9 	-1.5 	-0.4 	2.3 	-4.6 s	-5.1 s	4.3 s	8.7 s	5.7 s	5.8 s	2.0 s	1.2 s	1.5 s	2.9 s	: 	: 	: 	: 	: 	: 	: 	: 	: 	: 	: 
WAGE,F,CA,PCH_SM,FI	6.0 	2.6 	1.0 	2.3 	6.8 	8.2 	5.4 	3.0 	0.6 	1.9 	5.8 	8.0 	0.9 	-4.5 	11.1 	11.5 	8.6 	7.9 	5.1 	5.8 	2.7 	8.8 	12.8 	9.6 	14.5 	11.6 	8.6 	: 	: 	: 	: 	: 	: 
WAGE,F,CA,PCH_SM,FR	5.2 p	12.2 p	-4.0 p	6.1 p	3.9 p	4.1 p	0.8 p	-1.8 p	-0.5 p	-0.1 p	0.7 p	3.1 p	0.4 p	-0.9 p	6.8 p	7.5 p	8.3 p	6.0 p	5.8 p	3.2 p	3.6 p	6.7 p	: 	: 	: 	: 	: 	: 	: 	: 	: 	: 	: 
WAGE,F,CA,PCH_SM,HR	8.9 	3.6 	1.7 	4.2 	5.9 	5.3 	2.1 	-7.5 	0.9 	2.0 	1.2 	1.0 	-3.9 	0.2 	6.3 	8.9 	7.5 	2.3 	4.3 	7.5 	14.5 	8.1 	: 	: 	: 	: 	: 	: 	: 	: 	: 	: 	: 
WAGE,F,CA,PCH_SM,HU	22.7 	15.9 	8.2 	38.6 	21.7 	17.7 	3.9 	6.5 	3.8 	3.3 	0.0 	0.3 	-0.1 	-3.5 	1.7 	7.2 	16.9 	9.7 	11.9 	11.3 	11.1 	25.1 	: 	: 	: 	: 	: 	: 	: 	: 	: 	: 	: 
WAGE,F,CA,PCH_SM,IE	25.6 p	14.5 	-6.4 	6.4 	18.3 	9.5 	17.3 	12.1 	20.5 	2.3 	-8.4 	-7.9 	-35.2 	-29.5 	-7.7 	10.2 	12.8 	22.2 	15.9 	8.3 	10.5 	14.2 	: 	: 	: 	: 	: 	: 	: 	: 	: 	: 	: 
WAGE,F,CA,PCH_SM,IT	16.4 	22.5 	-6.7 	4.4 	1.5 	0.3 	1.5 	0.7 	-6.0 	-8.8 	-7.7 	0.2 	-3.9 	-3.3 	5.2 	11.6 	6.3 	4.2 	8.6 	13.4 	8.8 	5.0 	: 	: 	: 	: 	: 	: 	: 	: 	: 	: 	: 
WAGE,F,CA,PCH_SM,LT	6.2 	10.1 	3.2 	9.2 	11.7 	14.1 	3.7 	8.9 	10.6 	11.3 	6.9 	13.1 	-21.4 	-47.0 	15.9 	46.1 	41.9 	24.9 	15.5 	24.9 	2.7 	16.0 	: 	: 	: 	: 	: 	: 	: 	: 	: 	: 	: 
WAGE,F,CA,PCH_SM,LU	5.0 p	3.9 	-2.7 	4.6 	4.4 	7.2 	3.0 	0.4 	2.9 	0.7 	3.1 	0.6 	: 	: 	: 	: 	: 	: 	: 	: 	: 	: 	: 	: 	: 	: 	: 	: 	: 	: 	: 	: 	: 
WAGE,F,CA,PCH_SM,LV	5.0 e	7.1 e	4.0 p	12.9 p	16.8 p	10.0 p	-4.4 p	5.2 p	11.5 p	18.6 p	12.5 p	16.4 p	-23.1 p	-44.6 p	16.5 p	72.8 p	50.2 p	37.0 p	29.6 p	21.8 p	4.8 p	9.3 p	: 	: 	: 	: 	: 	: 	: 	: 	: 	: 	: 
WAGE,F,CA,PCH_SM,ME	16.7 	5.0 	0.3 	-3.1 	5.6 	-2.7 	1.9 	3.6 	-9.9 	17.1 	-0.7 	-7.5 	17.3 	5.0 	23.7 	41.4 	57.7 e	39.2 e	-12.6 e	-10.2 e	70.5 e	2.0 e	: 	: 	: 	: 	: 	: 	: 	: 	: 	: 	: 
WAGE,F,CA,PCH_SM,MK	14.2 s	6.6 s	8.9 s	7.4 s	6.0 s	-2.0 s	10.3 s	4.8 s	7.2 s	5.1 s	2.4 s	2.1 s	: 	: 	: 	: 	: 	: 	: 	: 	: 	: 	: 	: 	: 	: 	: 	: 	: 	: 	: 	: 	: 
WAGE,F,CA,PCH_SM,MT	7.8 p	7.1 p	5.2 	14.0 	2.8 	-7.3 	4.2 	11.9 	1.2 	-7.0 	-0.5 	-0.3 	-3.6 	-3.4 	-1.7 	10.0 	-0.7 	-2.6 	-2.4 	0.1 	1.4 	2.8 	: 	: 	: 	: 	: 	: 	: 	: 	: 	: 	: 
WAGE,F,CA,PCH_SM,NL	: c	4.5 p	3.9 p	5.3 	5.3 	4.2 	2.7 	-1.5 	-5.6 	-6.8 	-1.6 	-0.4 	-2.3 	0.8 	4.3 	4.5 	3.1 	0.9 	-0.3 	-0.8 	3.8 	8.0 	7.1 	7.8 	1.2 	6.0 	3.1 	: 	: 	: 	: 	: 	: 
WAGE,F,CA,PCH_SM,NO	8.2 p	6.1 p	1.8 p	6.1 p	7.2 p	9.2 p	5.5 	5.4 	5.4 	7.3 	8.8 	3.1 	7.0 	-5.4 	10.5 	16.1 	12.9 	9.0 	6.4 	8.1 	7.7 	7.4 	3.2 	10.4 	15.7 	18.7 	: 	: 	: 	: 	: 	: 	: 
WAGE,F,CA,PCH_SM,PL	13.6 	7.3 	4.1 	10.8 	13.5 	7.6 	3.4 	-1.5 	-3.2 	-7.8 	2.1 	12.1 	3.9 	7.8 	19.3 	25.2 	14.0 	16.8 	-6.1 	-14.2 	-9.8 	-3.5 	: 	: 	: 	: 	: 	: 	: 	: 	: 	: 	: 
WAGE,F,CA,PCH_SM,PT	6.1 s	7.5 s	-1.5 s	6.0 s	4.0 s	1.7 s	-4.8 s	-2.8 s	-9.1 s	-14.2 s	-15.9 s	-11.6 s	-9.3 s	-5.5 s	5.5 s	4.1 s	1.2 s	-3.9 s	5.7 s	-3.9 s	5.0 s	9.8 s	: 	: 	: 	: 	: 	: 	: 	: 	: 	: 	: 
WAGE,F,CA,PCH_SM,RO	13.4 	10.6 	8.3 	25.4 	49.5 	9.1 	19.6 	13.0 	-2.4 	0.4 	10.4 	5.8 	-12.1 	-10.4 	30.5 	41.1 	19.8 	30.5 	9.3 	28.9 	26.7 	46.9 	: 	: 	: 	: 	: 	: 	: 	: 	: 	: 	: 
WAGE,F,CA,PCH_SM,RS	12.4 	9.2 	6.4 	13.3 	8.3 	2.2 	-4.5 	7.9 	2.0 	1.3 	3.2 	8.5 e	4.8 e	5.1 e	17.6 e	16.4 e	21.0 e	19.9 e	20.4 e	31.6 e	67.4 e	119.0 e	: 	: 	: 	: 	: 	: 	: 	: 	: 	: 	: 
WAGE,F,CA,PCH_SM,SE	11.6 e	4.8 e	-3.6 e	8.7 e	6.2 e	4.6 e	7.7 e	8.3 e	3.7 e	4.2 e	8.5 e	8.7 e	1.0 e	0.3 e	8.5 e	15.2 e	9.6 e	4.6 e	-0.4 e	4.4 e	5.7 e	10.2 e	: 	: 	: 	: 	: 	: 	: 	: 	: 	: 	: 
WAGE,F,CA,PCH_SM,SI	7.1 	7.1 	6.0 	2.3 	4.2 	2.6 	1.4 	-0.5 	-0.1 	-2.0 	-2.5 	1.8 	4.6 	1.1 	7.6 	6.6 	6.4 	2.6 	6.8 	8.6 	9.4 	8.5 	: 	: 	: 	: 	: 	: 	: 	: 	: 	: 	: 
WAGE,F,CA,PCH_SM,SK	-3.0 	1.1 	-3.6 	12.7 	10.8 	6.0 	4.7 	4.5 	-1.8 	-3.2 	-4.2 	-0.3 	-0.3 	1.5 	16.2 	12.6 	11.8 	13.0 	9.8 	6.1 	3.8 	0.8 	: 	: 	: 	: 	: 	: 	: 	: 	: 	: 	: 
WAGE,F,CA,PCH_SM,TR	74.7 	41.1 	5.4 	-6.2 	13.2 	15.0 	28.3 	17.9 	15.8 	20.4 	28.5 	29.6 	24.6 	-52.2 	9.5 	10.0 	28.2 	: 	: 	: 	: 	: 	: 	: 	: 	: 	: 	: 	: 	: 	: 	: 	: 
WAGE,F,NSA,I10,AL	: 	: 	: 	: 	: 	: 	139.6 	131.9 	115.3 	107.3 	95.2 	93.8 	100.0 	91.8 	84.5 	53.6 	45.4 	42.8 	: 	: 	: 	: 	: 	: 	: 	: 	: 	: 	: 	: 	: 	: 	: 
WAGE,F,NSA,I10,AT	: 	: 	: 	: 	: 	118.8 p	115.1 	113.1 	111.9 	110.4 	108.3 	103.8 	100.0 	100.0 	95.2 	91.8 	87.5 	84.8 	83.8 	82.3 	77.2 	77.4 	79.8 	78.9 	80.2 	72.5 	71.5 	: 	: 	: 	: 	: 	: 
WAGE,F,NSA,I10,BE	: 	: 	: 	: 	: 	: 	113.7 p	111.1 	113.1 	111.9 	112.0 	109.6 	100.0 	100.6 	100.6 	93.5 	86.8 	81.0 	79.2 	76.6 	75.4 	73.1 	68.2 	: 	: 	: 	: 	: 	: 	: 	: 	: 	: 
WAGE,F,NSA,I10,BG	: 	: 	: 	: 	: 	101.5 p	97.4 p	99.8 p	101.7 	92.4 	91.3 	94.4 	100.0 	129.0 	125.4 	72.8 	53.3 	43.7 	32.7 	26.7 	21.6 	22.0 	22.0 	: 	: 	: 	: 	: 	: 	: 	: 	: 	: 
WAGE,F,NSA,I10,CY	: 	: 	: 	: 	: 	: 	56.7 	53.8 	55.2 	62.2 	81.8 	96.1 	100.0 	105.6 	107.4 	100.4 	93.7 	87.5 	79.1 	72.5 	64.3 	57.9 	52.5 	: 	: 	: 	: 	: 	: 	: 	: 	: 	: 
WAGE,F,NSA,I10,CZ	: 	: 	: 	: 	: 	: 	89.8 	87.8 	84.7 	86.2 	93.6 	96.2 	100.0 	100.2 	98.5 	87.8 	81.4 	76.4 	71.9 	65.8 	61.6 	62.6 	59.6 	: 	: 	: 	: 	: 	: 	: 	: 	: 	: 
WAGE,F,NSA,I10,DE	: 	: 	: 	: 	: 	139.5 p	134.5 	130.3 	118.0 	113.0 	109.8 	106.5 	100.0 	97.6 	96.2 	94.1 	90.2 	89.6 	97.5 s	103.6 s	111.1 s	118.5 s	129.2 s	: 	: 	: 	: 	: 	: 	: 	: 	: 	: 
WAGE,F,NSA,I10,DK	: 	: 	: 	: 	: 	134.6 p	126.5 	117.8 	110.4 	105.5 	105.7 	103.7 	100.0 	106.9 	121.5 	: c	: c	: c	: c	: c	: c	: c	: c	: c	: c	: c	: c	: c	: 	: 	: 	: 	: 
WAGE,F,NSA,I10,EA19	: 	: 	: 	: 	: 	: 	106.4 	103.7 	99.7 	98.5 	99.6 	101.1 	100.0 	107.6 	117.7 	115.1 	106.5 	101.1 	92.7 	90.3 	88.6 	86.9 	84.7 	: 	: 	: 	: 	: 	: 	: 	: 	: 	: 
WAGE,F,NSA,I10,EE	: 	: 	: 	: 	: 	179.4 	157.6 	161.6 	154.2 	150.3 	139.3 	110.4 	100.0 	127.7 	174.8 	167.0 	118.1 	82.7 	68.3 	56.7 	47.9 	38.2 	38.5 	32.6 	33.2 	: 	: 	: 	: 	: 	: 	: 	: 
WAGE,F,NSA,I10,EL	: 	: 	: 	: 	: 	70.0 	63.5 	55.4 	63.5 	58.4 	65.9 	81.5 	100.0 	109.1 	108.5 	101.0 	95.1 	92.9 	100.5 	96.9 	86.6 	67.3 	60.8 	: 	: 	: 	: 	: 	: 	: 	: 	: 	: 
WAGE,F,NSA,I10,ES	: 	: 	: 	: 	: 	: 	107.9 p	103.6 p	94.1 p	87.7 p	87.2 p	94.1 p	100.0 p	138.7 	187.0 p	195.2 p	178.6 p	168.4 p	122.4 p	116.8 p	110.9 p	104.5 p	94.7 p	: 	: 	: 	: 	: 	: 	: 	: 	: 	: 
WAGE,F,NSA,I10,EU28	: 	: 	: 	: 	: 	: 	109.7 	105.7 	101.3 	99.5 	100.5 	101.3 	100.0 	106.5 	114.6 	110.5 	101.1 	94.9 	87.3 	85.4 	83.7 	81.0 	77.8 	: 	: 	: 	: 	: 	: 	: 	: 	: 	: 
WAGE,F,NSA,I10,FI	: 	: 	: 	: 	: 	135.5 	127.0 	120.0 	116.3 	115.6 	113.5 	107.4 	100.0 	98.6 	103.2 	93.0 	83.4 	76.8 	71.5 	67.5 	63.8 	62.3 	57.2 	51.0 	46.3 	40.3 	36.1 	33.4 	: 	: 	: 	: 	: 
WAGE,F,NSA,I10,FR	: 	: 	: 	: 	: 	: 	102.2 p	101.5 p	103.3 p	104.0 p	104.1 p	103.0 p	100.0 p	99.7 p	100.7 p	94.3 p	87.5 p	80.9 p	76.6 p	72.2 p	70.0 p	67.5 p	63.2 p	: 	: 	: 	: 	: 	: 	: 	: 	: 	: 
WAGE,F,NSA,I10,HR	: 	: 	: 	: 	: 	: 	99.3 	107.8 	105.1 	104.1 	102.1 	100.9 	100.0 	104.1 	103.8 	97.7 	89.7 	83.5 	81.7 	78.2 	72.8 	63.6 	58.8 	: 	: 	: 	: 	: 	: 	: 	: 	: 	: 
WAGE,F,NSA,I10,HU	: 	: 	: 	: 	: 	140.1 p	119.0 p	114.5 p	107.5 	103.7 	100.3 	100.3 	100.0 	100.0 	103.8 	102.0 	95.2 	81.4 	74.2 	66.3 	59.5 	53.6 	42.8 	: 	: 	: 	: 	: 	: 	: 	: 	: 	: 
WAGE,F,NSA,I10,IE	: 	: 	: 	: 	: 	: 	130.0 	111.3 	100.9 	84.8 	85.3 	93.8 	102.0 	134.8 	216.2 	219.3 	199.2 	176.5 	144.5 	124.6 	116.0 	104.1 	91.3 	: 	: 	: 	: 	: 	: 	: 	: 	: 	: 
WAGE,F,NSA,I10,IT	: 	: 	: 	: 	: 	80.4 p	80.2 p	79.3 p	78.5 	83.7 	92.0 	99.5 	100.0 	103.8 	107.6 	102.7 	91.4 	86.2 	83.2 	76.2 	67.3 	61.8 	58.6 	: 	: 	: 	: 	: 	: 	: 	: 	: 	: 
WAGE,F,NSA,I10,LT	: 	: 	: 	: 	: 	191.7 	168.1 	162.1 	148.8 	134.5 	121.0 	113.1 	100.0 	127.3 	239.9 	207.0 	141.6 	99.8 	80.0 	69.2 	55.4 	54.1 	46.5 	61.2 	73.4 	: 	: 	: 	: 	: 	: 	: 	: 
WAGE,F,NSA,I10,LU	: 	: 	: 	: 	: 	118.4 	110.0 	107.7 	107.1 	103.8 	103.2 	100.4 	100.0 	99.3 	95.5 	92.2 	87.8 	84.6 	82.1 	79.8 	76.4 	71.2 	65.4 	: 	: 	: 	: 	: 	: 	: 	: 	: 	: 
WAGE,F,NSA,I10,LV	: 	: 	: 	: 	: 	: 	174.0 	182.1 	173.1 	155.4 p	130.9 	116.2 	100.0 	130.0 	236.8 	201.4 	116.5 	77.4 	56.6 	43.8 	35.9 	34.2 	31.3 	: 	: 	: 	: 	: 	: 	: 	: 	: 	: 
WAGE,F,NSA,I10,ME	: 	: 	: 	: 	: 	99.0 	101.3 	100.4 	96.5 	106.8 	90.3 	92.1 	100.0 	85.1 	80.1 	64.4 	46.0 	29.4 e	20.7 e	24.2 e	26.7 e	15.0 e	14.8 e	: 	: 	: 	: 	: 	: 	: 	: 	: 	: 
WAGE,F,NSA,I10,MK	: 	: 	: 	: 	: 	133.3 	136.0 	123.3 	117.7 	109.8 	104.3 	102.0 	99.9 	: 	: 	: 	: 	: 	: 	: 	: 	: 	: 	: 	: 	: 	: 	: 	: 	: 	: 	: 	: 
WAGE,F,NSA,I10,MT	: 	: 	: 	: 	: 	108.9 p	108.0 p	104.5 	93.4 	92.2 	99.2 	99.6 	100.0 	103.8 	107.4 	109.3 	99.4 	100.1 	102.8 	105.3 	105.2 	103.8 	101.0 	: 	: 	: 	: 	: 	: 	: 	: 	: 	: 
WAGE,F,NSA,I10,NL	: 	: 	: 	: 	: 	: c	87.5 p	84.8 	86.1 	91.1 	97.9 	99.6 	100.0 	102.4 	101.6 	97.5 	93.4 	90.5 	89.8 	90.0 	90.8 	87.5 	80.9 	75.5 	70.1 	69.2 	65.3 	63.2 	: 	: 	: 	: 	: 
WAGE,F,NSA,I10,NO	: 	: 	: 	: 	: 	121.7 p	118.9 p	116.0 p	112.8 p	109.6 p	106.2 p	102.3 p	100.0 p	97.1 p	94.7 	90.1 	85.2 	81.6 	: c	: c	: c	: c	: c	: 	: 	: 	: 	: 	: 	: 	: 	: 	: 
WAGE,F,NSA,I10,PL	: 	: 	: 	: 	: 	111.8 	103.9 	100.5 	102.0 	105.4 	114.3 	112.0 	100.0 	96.2 	89.3 	74.9 	59.7 	52.4 	44.9 	47.8 	55.7 	61.8 	64.1 	: 	: 	: 	: 	: 	: 	: 	: 	: 	: 
WAGE,F,NSA,I10,PT	: 	: 	: 	: 	: 	54.6 	53.6 	56.3 	57.9 	63.7 	74.3 	88.3 	100.0 	110.3 	116.8 	110.7 	106.3 	105.0 	109.3 	103.4 	107.6 	102.5 	93.4 	: 	: 	: 	: 	: 	: 	: 	: 	: 	: 
WAGE,F,NSA,I10,RO	: 	: 	: 	: 	: 	168.7 	154.7 	129.3 	114.4 	117.3 	116.7 	105.8 	100.0 	113.7 	126.9 p	97.3 p	68.8 p	57.5 p	44.1 p	40.1 p	31.2 p	24.5 p	16.6 p	: 	: 	: 	: 	: 	: 	: 	: 	: 	: 
WAGE,F,NSA,I10,RS	: 	: 	: 	: 	: 	: 	119.7 	125.0 	115.8 	113.6 	112.4 	108.5 	100.0 e	95.3 e	91.1 e	77.3 e	66.4 e	54.8 e	45.8 e	38.0 e	28.9 e	17.3 e	7.8 e	: 	: 	: 	: 	: 	: 	: 	: 	: 	: 
WAGE,F,NSA,I10,SE	: 	: 	: 	: 	: 	155.3 e	148.9 e	137.6 e	126.6 e	122.2 e	116.5 e	107.9 e	100.0 e	98.1 e	98.1 e	89.9 e	78.3 e	71.7 e	68.6 e	68.3 e	65.4 e	61.9 e	56.5 e	: 	: 	: 	: 	: 	: 	: 	: 	: 	: 
WAGE,F,NSA,I10,SI	: 	: 	: 	: 	: 	: 	98.2 	96.8 	97.4 	97.4 	99.5 	102.0 	100.1 	95.8 	94.7 	88.0 	82.6 	77.6 	75.7 	70.9 	65.2 	59.6 	55.0 	: 	: 	: 	: 	: 	: 	: 	: 	: 	: 
WAGE,F,NSA,I10,SK	: 	: 	: 	: 	: 	105.3 p	99.4 	94.9 	90.8 	92.6 	95.6 	99.8 	100.0 	100.4 	98.8 	85.0 	75.6 	67.6 	59.8 	54.4 	51.4 	49.4 	49.1 	: 	: 	: 	: 	: 	: 	: 	: 	: 	: 
WAGE,F,NSA,I10,TR	: 	: 	: 	: 	: 	179.9 	173.6 	153.0 	148.0 	144.4 	131.7 	114.2 	100.0 	87.9 	93.9 	85.5 	77.9 	60.7 	: 	: 	: 	: 	: 	: 	: 	: 	: 	: 	: 	: 	: 	: 	: 
WAGE,F,NSA,I10,UK	: 	: 	: 	: 	: 	: 	115.8 	107.7 	101.7 	97.4 	98.1 	99.2 	100.0 	104.5 	106.6 	99.7 	88.0 	79.2 	75.4 	75.5 	73.3 	64.3 	55.7 	: 	: 	: 	: 	: 	: 	: 	: 	: 	: 
WAGE,F,NSA,I15,AL	163.8 	141.2 	128.9 	129.1 	127.6 	119.3 	105.8 	100.0 	87.5 	81.4 	72.2 	71.1 	75.9 	69.6 	64.1 	40.6 	34.4 	32.5 	: 	: 	: 	: 	: 	: 	: 	: 	: 	: 	: 	: 	: 	: 	: 
WAGE,F,NSA,I15,AT	145.5 	136.5 	128.0 	123.0 	113.5 	105.7 	102.0 	100.0 	98.9 	97.6 	95.7 	91.8 	88.4 	88.2 	85.8 	81.0 	77.2 	74.8 	73.9 	72.6 	68.0 	68.3 	70.3 	69.6 	70.7 	63.9 	63.0 	: 	: 	: 	: 	: 	: 
WAGE,F,NSA,I15,BE	128.5 p	118.0 p	109.8 	118.0 	113.4 	105.7 	101.1 	100.0 	101.9 	100.8 	100.9 	98.7 	90.0 	90.6 	90.6 	84.2 	78.2 	73.0 	71.3 	69.0 	67.9 	65.8 	61.4 	: 	: 	: 	: 	: 	: 	: 	: 	: 	: 
WAGE,F,NSA,I15,BG	151.8 p	142.8 p	142.5 	137.9 	118.9 	107.7 	96.8 	100.0 	93.8 	85.3 	84.2 	87.0 	92.2 	119.0 	115.7 	67.2 	49.1 	40.3 	30.2 	24.6 	19.9 	20.3 	20.3 	: 	: 	: 	: 	: 	: 	: 	: 	: 	: 
WAGE,F,NSA,I15,CY	195.6 p	185.1 	163.9 	170.4 	148.6 	127.6 	108.0 	100.0 	102.3 	116.0 	154.9 	183.4 	191.2 	196.0 	195.5 	182.7 	170.5 	159.4 	144.0 	132.0 	117.1 	105.3 	95.6 	: 	: 	: 	: 	: 	: 	: 	: 	: 	: 
WAGE,F,NSA,I15,CZ	146.1 	134.5 	131.6 	126.6 	117.2 	107.4 	102.5 	100.0 	96.6 	97.4 	106.7 	109.3 	113.8 	115.1 	112.2 	101.7 	94.4 	88.7 	83.5 	76.4 	71.1 	72.8 	69.0 	: 	: 	: 	: 	: 	: 	: 	: 	: 	: 
WAGE,F,NSA,I15,DE	135.6 p	129.1 	124.8 	121.1 	115.1 	108.4 	103.7 	100.0 	90.6 	86.8 	84.3 	81.8 	76.8 	74.9 	73.9 	72.2 	69.3 	68.8 	73.5 	79.1 	85.7 	91.0 	97.0 	: 	: 	: 	: 	: 	: 	: 	: 	: 	: 
WAGE,F,NSA,I15,DK	156.6 p	146.0 	135.8 	127.0 	122.1 	114.8 	107.9 	100.0 	93.7 	89.8 	102.3 	100.5 	96.9 	103.6 	117.8 	: c	: c	: c	: c	: c	: c	: c	: c	: c	: c	: c	: c	: c	: 	: 	: 	: 	: 
WAGE,F,NSA,I15,EA19	134.7 	125.8 	117.2 	118.4 	112.7 	106.8 	102.6 	100.0 	96.6 	95.9 	97.0 	98.1 	96.4 	101.5 	107.3 	103.8 	96.1 	91.4 	86.7 	84.9 	84.0 	82.6 	80.5 	: 	: 	: 	: 	: 	: 	: 	: 	: 	: 
WAGE,F,NSA,I15,EA20	134.7 	125.8 	117.2 	118.4 	112.7 	106.8 	102.6 	100.0 	96.7 	96.0 	97.1 	98.1 	96.5 	101.5 	107.3 	103.7 	96.1 	91.4 	86.7 	84.9 	83.9 	82.5 	80.4 	: 	: 	: 	: 	: 	: 	: 	: 	: 	: 
WAGE,F,NSA,I15,EE	179.8 	155.4 	133.5 	143.8 	129.2 	111.7 	97.5 	100.0 	95.4 	93.0 	86.2 	68.4 	61.9 	79.0 	108.2 	103.4 	73.1 	51.2 	42.3 	35.1 	29.7 	23.7 	23.8 	20.2 	20.5 	: 	: 	: 	: 	: 	: 	: 	: 
WAGE,F,NSA,I15,EL	107.4 	101.5 	109.6 	105.7 	125.5 	126.3 	114.6 	100.0 	114.5 	105.3 	118.8 	147.0 	180.4 	196.8 	195.8 	182.3 	171.6 	167.7 	181.3 	174.9 	156.2 	121.4 	109.7 	: 	: 	: 	: 	: 	: 	: 	: 	: 	: 
WAGE,F,NSA,I15,ES	117.2 p	109.3 	111.6 	117.8 	116.1 	108.7 	104.3 	100.0 	91.0 	84.8 	84.3 	91.1 	96.7 	134.3 	174.0 	180.4 	163.1 	155.1 	117.7 	112.4 	106.8 	100.8 	91.3 	: 	: 	: 	: 	: 	: 	: 	: 	: 	: 
WAGE,F,NSA,I15,EU27_2020	140.1 	129.9 	121.1 	121.5 	114.7 	107.8 	103.3 	100.0 	96.4 	95.5 	96.9 	97.3 	95.2 	99.8 	105.1 	100.3 	92.2 	87.2 	82.4 	80.6 	79.7 	78.4 	76.3 	: 	: 	: 	: 	: 	: 	: 	: 	: 	: 
WAGE,F,NSA,I15,EU28	: 	: 	: 	123.2 	116.0 	108.9 	104.0 	100.0 	96.1 	94.7 	95.6 	96.1 	94.5 	99.0 	104.1 	99.6 	91.1 	85.4 	80.6 	79.0 	77.7 	75.2 	72.4 	: 	: 	: 	: 	: 	: 	: 	: 	: 	: 
WAGE,F,NSA,I15,FI	136.9 	129.7 	125.7 	124.4 	121.8 	114.0 	105.8 	100.0 	96.9 	96.4 	94.5 	89.6 	83.4 	82.2 	86.0 	77.5 	69.5 	64.1 	59.6 	56.3 	53.2 	51.9 	47.7 	42.6 	38.6 	33.7 	30.1 	27.8 	: 	: 	: 	: 	: 
WAGE,F,NSA,I15,FR	130.8 p	124.5 p	111.2 p	115.6 p	108.8 p	104.8 p	100.8 p	100.0 p	101.6 p	102.3 p	102.5 p	101.6 p	98.6 p	98.2 p	99.2 p	92.6 p	86.2 p	79.6 p	75.4 p	71.0 p	68.9 p	66.4 p	62.3 p	: 	: 	: 	: 	: 	: 	: 	: 	: 	: 
WAGE,F,NSA,I15,HR	136.0 	124.9 	120.6 	118.6 	113.8 	107.5 	102.1 	100.0 	108.1 	107.1 	105.0 	103.8 	102.8 	107.0 	106.8 	100.5 	92.3 	85.9 	84.0 	80.5 	74.9 	65.4 	60.5 	: 	: 	: 	: 	: 	: 	: 	: 	: 	: 
WAGE,F,NSA,I15,HU	317.5 	258.7 	223.2 	206.4 	148.8 	122.3 	103.9 	100.0 	93.9 	90.5 	87.7 	87.6 	87.3 	87.4 	90.6 	89.1 	83.1 	71.1 	64.8 	57.9 	52.0 	46.9 	37.4 	: 	: 	: 	: 	: 	: 	: 	: 	: 	: 
WAGE,F,NSA,I15,IE	217.7 p	174.0 	155.9 	162.0 	152.4 	128.6 	117.5 	100.0 	89.4 	74.2 	72.4 	79.1 	85.6 	132.2 	187.7 	203.6 	184.9 	163.9 	134.2 	115.7 	107.7 	96.7 	84.8 	: 	: 	: 	: 	: 	: 	: 	: 	: 	: 
WAGE,F,NSA,I15,IT	143.0 	123.4 	100.6 	107.6 	103.2 	101.2 	101.1 	100.0 	98.9 	105.4 	115.5 	125.0 	125.4 	130.3 	134.4 	127.9 	114.1 	107.7 	103.8 	95.0 	84.0 	77.2 	73.2 	: 	: 	: 	: 	: 	: 	: 	: 	: 	: 
WAGE,F,NSA,I15,LT	173.5 	163.4 	149.2 	144.1 	132.2 	118.3 	103.7 	100.0 	91.8 	83.0 	74.6 	69.8 	61.7 	78.5 	148.0 	127.7 	87.4 	61.6 	49.3 	42.7 	34.2 	33.4 	28.7 	37.8 	45.3 	: 	: 	: 	: 	: 	: 	: 	: 
WAGE,F,NSA,I15,LU	128.1 p	122.3 	117.8 	120.1 	114.6 	109.8 	103.2 	100.0 	99.4 	96.4 	95.8 	93.2 	92.8 	92.2 	88.6 	85.6 	81.6 	78.5 	76.3 	74.1 	71.0 	66.1 	60.7 	: 	: 	: 	: 	: 	: 	: 	: 	: 	: 
WAGE,F,NSA,I15,LV	162.3 e	154.5 p	144.3 	138.7 	122.9 e	105.2 	95.5 	100.0 	95.1 	85.3 p	71.9 	63.9 	54.9 	71.4 	130.1 	110.6 	64.0 	42.5 	31.1 	24.0 	19.7 	18.8 	17.2 	: 	: 	: 	: 	: 	: 	: 	: 	: 	: 
WAGE,F,NSA,I15,ME	124.4 	107.1 	100.7 	101.0 	103.4 	98.6 	101.0 	100.0 	96.2 	106.4 	90.0 	91.8 	99.7 	84.8 	79.8 	64.1 	45.9 	29.3 e	20.6 e	24.1 e	26.6 e	14.9 e	14.8 e	: 	: 	: 	: 	: 	: 	: 	: 	: 	: 
WAGE,F,NSA,I15,MK	163.0 	142.9 	134.1 	123.1 	114.6 	108.1 	110.3 	100.0 	95.4 	89.0 	84.7 	82.7 	81.0 	: 	: 	: 	: 	: 	: 	: 	: 	: 	: 	: 	: 	: 	: 	: 	: 	: 	: 	: 	: 
WAGE,F,NSA,I15,MT	137.4 p	127.5 p	119.1 	113.2 	99.3 	96.6 	104.2 	100.0 	89.4 	88.3 	94.9 	95.4 	95.7 	99.3 	102.8 	104.6 	95.1 	95.8 	98.4 	100.8 	100.7 	99.3 	96.6 	: 	: 	: 	: 	: 	: 	: 	: 	: 	: 
WAGE,F,NSA,I15,NL	: c	128.9 p	123.3 p	118.7 	112.7 	107.0 	102.7 	100.0 	101.5 	107.5 	115.3 	117.2 	117.7 	120.5 	119.5 	114.6 	109.7 	106.4 	105.5 	105.8 	106.7 	102.8 	95.2 	88.9 	82.5 	81.5 	76.9 	74.6 	: 	: 	: 	: 	: 
WAGE,F,NSA,I15,NO	153.0 p	141.4 p	133.3 p	131.0 p	123.5 p	115.2 p	105.5 	100.0 	94.9 	90.0 	83.9 	77.1 	74.8 	69.9 	73.9 	66.9 	57.6 	51.0 	46.8 	44.0 	40.7 	37.8 	35.2 	34.1 	30.9 	26.7 	22.5 	: 	: 	: 	: 	: 	: 
WAGE,F,NSA,I15,PL	177.6 	156.4 	145.8 	140.0 	126.3 	111.3 	103.4 	100.0 	101.5 	104.9 	113.8 	111.5 	99.5 	95.8 	88.9 	74.5 	59.5 	52.2 	44.7 	47.6 	55.5 	61.5 	63.7 	: 	: 	: 	: 	: 	: 	: 	: 	: 	: 
WAGE,F,NSA,I15,PT	119.9 	113.0 	105.1 	106.7 	100.7 	96.8 	95.2 	100.0 	102.9 	113.2 	132.0 	157.0 	177.7 	196.0 	207.5 	196.7 	188.9 	186.6 	194.2 	183.8 	191.2 	182.1 	165.9 	: 	: 	: 	: 	: 	: 	: 	: 	: 	: 
WAGE,F,NSA,I15,RO	332.7 	293.5 	265.2 	244.9 	195.2 	130.4 	119.7 	100.0 	88.5 	90.7 	90.3 	81.8 	77.4 	87.9 	98.1 	75.2 	53.2 	44.5 	34.1 	31.0 	24.1 	19.0 	12.8 	: 	: 	: 	: 	: 	: 	: 	: 	: 	: 
WAGE,F,NSA,I15,RS	156.3 	139.0 	127.6 	119.8 	105.6 	97.5 	95.7 	99.9 	92.6 	90.9 	89.8 	86.8 	79.9 e	76.2 e	72.8 e	61.8 e	53.1 e	43.8 e	36.6 e	30.4 e	23.1 e	13.8 e	6.3 e	: 	: 	: 	: 	: 	: 	: 	: 	: 	: 
WAGE,F,NSA,I15,SE	147.3 e	131.9 e	125.8 e	129.8 e	119.6 e	112.8 e	108.2 e	100.0 e	92.0 e	88.8 e	84.7 e	78.4 e	72.7 e	71.3 e	71.3 e	65.3 e	56.9 e	52.1 e	49.9 e	49.6 e	47.6 e	45.0 e	41.1 e	: 	: 	: 	: 	: 	: 	: 	: 	: 	: 
WAGE,F,NSA,I15,SI	134.9 	125.9 	117.6 	110.9 	108.4 	104.0 	101.4 	100.0 	100.5 	100.6 	102.7 	105.3 	103.4 	98.9 	97.8 	90.9 	85.3 	80.2 	78.2 	73.2 	67.4 	61.6 	56.8 	: 	: 	: 	: 	: 	: 	: 	: 	: 	: 
WAGE,F,NSA,I15,SK	131.0 	135.1 	133.6 	138.6 	123.0 	111.0 	104.7 	100.0 	95.7 	97.5 	100.7 	105.1 	105.4 	105.7 	104.1 	89.6 	79.6 	71.2 	63.0 	57.4 	54.1 	52.1 	51.7 	: 	: 	: 	: 	: 	: 	: 	: 	: 	: 
WAGE,F,NSA,I15,TR	406.5 	232.7 	164.9 	156.5 	166.9 	147.5 	128.3 	100.0 	84.8 	73.2 	60.8 	47.3 	36.5 	29.3 	61.4 	55.9 	50.9 	39.7 	: 	: 	: 	: 	: 	: 	: 	: 	: 	: 	: 	: 	: 	: 	: 
WAGE,F,NSA,I15,UK	: 	: 	: 	132.5 	123.1 	114.3 	107.4 	100.0 	94.7 	90.7 	91.4 	92.4 	93.2 	97.3 	99.3 	92.9 	82.0 	73.8 	70.2 	70.4 	68.3 	59.9 	51.9 	: 	: 	: 	: 	: 	: 	: 	: 	: 	: 
WAGE,F,NSA,PCH_SM,AL	: 	: 	-0.2 	1.2 	7.0 	12.8 	5.8 	14.3 	7.5 	12.7 	1.5 	-6.3 	9.1 	8.6 	57.9 	18.0 	5.8 	: 	: 	: 	: 	: 	: 	: 	: 	: 	: 	: 	: 	: 	: 	: 	: 
WAGE,F,NSA,PCH_SM,AT	: 	: 	4.1 	8.4 	7.4 	3.6 	2.0 	1.1 	1.3 	2.0 	4.2 	3.8 	0.2 	2.8 	5.9 	4.9 	3.2 	1.2 	1.8 	6.8 	-0.4 	-2.8 	1.0 	-1.6 	10.6 	1.4 	: 	: 	: 	: 	: 	: 	: 
WAGE,F,NSA,PCH_SM,BE	: 	: 	-6.9 p	4.1 	7.3 	4.5 	1.1 	-1.9 	1.1 	-0.1 	2.2 	9.7 	-0.7 	0.0 	7.6 	7.7 	7.1 	2.4 	3.3 	1.6 	3.2 	7.2 	: 	: 	: 	: 	: 	: 	: 	: 	: 	: 	: 
WAGE,F,NSA,PCH_SM,BG	: 	: 	-9.7 p	16.0 	10.4 	11.3 	-3.2 	6.6 	10.0 	1.3 	-3.2 	-5.6 	-22.5 	2.9 	72.2 	36.9 	21.8 	33.4 	22.8 	23.6 	-2.0 	0.0 	: 	: 	: 	: 	: 	: 	: 	: 	: 	: 	: 
WAGE,F,NSA,PCH_SM,CY	: 	: 	-4.3 	14.7 	16.5 	18.1 	8.0 	-2.2 	-11.8 	-25.1 	-15.5 	-4.1 	-2.4 	0.3 	7.0 	7.2 	7.0 	10.7 	9.1 	12.7 	11.2 	10.1 	: 	: 	: 	: 	: 	: 	: 	: 	: 	: 	: 
WAGE,F,NSA,PCH_SM,CZ	: 	: 	1.7 	8.0 	9.1 	4.8 	2.5 	3.5 	-0.8 	-8.7 	-2.4 	-4.0 	-1.1 	2.6 	10.3 	7.7 	6.4 	6.2 	9.3 	7.5 	-2.3 	5.5 	: 	: 	: 	: 	: 	: 	: 	: 	: 	: 	: 
WAGE,F,NSA,PCH_SM,DE	: 	: 	3.1 p	5.2 	6.2 	4.5 	3.7 	10.4 	4.4 	3.0 	3.1 	6.5 	2.5 	1.4 	2.4 	4.2 	0.7 	-6.4 	-7.1 	-7.7 	-5.8 	-6.2 	: 	: 	: 	: 	: 	: 	: 	: 	: 	: 	: 
WAGE,F,NSA,PCH_SM,DK	: 	: 	4.8 	4.1 	6.3 	6.1 	7.4 	6.6 	4.8 	-0.2 	1.9 	3.7 	-6.4 	-12.1 	: c	: c	: c	: c	: c	: c	: c	: c	: c	: c	: c	: c	: c	: 	: 	: 	: 	: 	: 
WAGE,F,NSA,PCH_SM,EA19	: 	: 	-1.0 	5.0 	5.5 	4.1 	2.6 	3.5 	0.7 	-1.1 	-1.1 	1.8 	-5.0 	-6.0 	3.3 	7.7 	5.3 	6.2 	2.2 	1.1 	1.7 	2.6 	: 	: 	: 	: 	: 	: 	: 	: 	: 	: 	: 
WAGE,F,NSA,PCH_SM,EE	: 	: 	-7.2 	11.3 	15.7 	14.6 	-2.5 	4.8 	2.6 	7.9 	26.0 	10.5 	-21.6 	-27.0 	4.6 	41.5 	42.8 	21.0 	20.5 	18.2 	25.3 	-0.4 	17.8 	-1.5 	: 	: 	: 	: 	: 	: 	: 	: 	: 
WAGE,F,NSA,PCH_SM,EL	: 	: 	3.7 	-15.8 	-0.6 	10.2 	14.6 	-12.7 	8.7 	-11.4 	-19.2 	-18.5 	-8.3 	0.5 	7.4 	6.2 	2.3 	-7.5 	3.7 	12.0 	28.7 	10.7 	: 	: 	: 	: 	: 	: 	: 	: 	: 	: 	: 
WAGE,F,NSA,PCH_SM,ES	: 	: 	-5.3 	1.5 	6.8 	4.1 	4.4 	9.9 	7.3 	0.6 	-7.5 	-5.8 p	-27.9 p	-25.8 p	-4.2 p	9.3 p	6.0 p	37.6 p	4.8 p	5.3 p	6.1 p	10.4 p	: 	: 	: 	: 	: 	: 	: 	: 	: 	: 	: 
WAGE,F,NSA,PCH_SM,EU27_2020	: 	: 	-0.5 	5.8 	6.4 	4.5 	3.2 	3.7 	0.9 	-1.0 	-0.4 	2.2 	-4.5 	-5.6 	4.2 	8.5 	5.9 	6.5 	2.4 	1.1 	1.5 	2.9 	: 	: 	: 	: 	: 	: 	: 	: 	: 	: 	: 
WAGE,F,NSA,PCH_SM,EU28	: 	: 	: 	6.2 	6.5 	4.7 	4.0 	4.1 	1.5 	-0.9 	-0.5 	1.7 	-4.5 	-4.9 	4.5 	9.3 	6.7 	6.0 	2.0 	1.7 	3.3 	3.9 	: 	: 	: 	: 	: 	: 	: 	: 	: 	: 	: 
WAGE,F,NSA,PCH_SM,FI	: 	: 	1.0 	2.1 	6.8 	7.8 	5.8 	3.2 	0.5 	2.0 	5.5 	7.4 	1.5 	-4.4 	11.0 	11.5 	8.4 	7.6 	5.9 	5.8 	2.5 	8.8 	12.0 	10.4 	14.5 	12.0 	8.3 	: 	: 	: 	: 	: 	: 
WAGE,F,NSA,PCH_SM,FR	: 	: 	-3.8 p	6.0 p	3.8 p	4.0 p	0.8 p	-1.6 p	-0.7 p	-0.2 p	1.0 p	2.9 p	0.4 p	-0.9 p	7.0 p	7.4 p	8.3 p	5.6 p	6.2 p	3.0 p	3.8 p	6.6 p	: 	: 	: 	: 	: 	: 	: 	: 	: 	: 	: 
WAGE,F,NSA,PCH_SM,HR	: 	: 	1.7 	4.2 	5.9 	5.3 	2.1 	-7.5 	0.9 	2.0 	1.2 	1.0 	-3.9 	0.2 	6.3 	8.9 	7.5 	2.3 	4.3 	7.5 	14.5 	8.1 	: 	: 	: 	: 	: 	: 	: 	: 	: 	: 	: 
WAGE,F,NSA,PCH_SM,HU	: 	: 	8.1 p	38.7 p	21.7 p	17.7 p	3.9 p	6.5 	3.8 	3.2 	0.1 	0.3 	-0.1 	-3.5 	1.7 	7.2 	16.9 	9.7 	11.9 	11.3 	10.9 	25.4 	: 	: 	: 	: 	: 	: 	: 	: 	: 	: 	: 
WAGE,F,NSA,PCH_SM,IE	: 	: 	-3.8 	6.3 	18.5 	9.4 	17.5 	11.9 	20.5 	2.5 	-8.5 	-7.6 	-35.2 	-29.6 	-7.8 	10.1 	12.8 	22.1 	16.0 	7.4 	11.4 	14.0 	: 	: 	: 	: 	: 	: 	: 	: 	: 	: 	: 
WAGE,F,NSA,PCH_SM,IT	: 	: 	-6.4 	4.3 	2.0 	0.1 	1.1 	1.1 	-6.2 	-8.7 	-7.6 	-0.3 	-3.8 	-3.1 	5.1 	12.1 	5.9 	3.8 	9.3 	13.1 	8.8 	5.5 	: 	: 	: 	: 	: 	: 	: 	: 	: 	: 	: 
WAGE,F,NSA,PCH_SM,LT	: 	: 	3.5 	9.0 	11.7 	14.1 	3.7 	8.9 	10.6 	11.3 	6.9 	13.1 	-21.4 	-47.0 	15.9 	46.1 	41.9 	24.9 	15.5 	24.9 	2.4 	16.4 	-24.1 	-16.6 	: 	: 	: 	: 	: 	: 	: 	: 	: 
WAGE,F,NSA,PCH_SM,LU	: 	: 	-1.7 	4.5 	4.5 	6.4 	3.2 	0.6 	3.1 	0.6 	2.8 	0.4 	0.7 	4.1 	3.5 	4.9 	3.9 	2.9 	3.0 	4.4 	7.4 	8.9 	: 	: 	: 	: 	: 	: 	: 	: 	: 	: 	: 
WAGE,F,NSA,PCH_SM,LV	: 	: 	4.0 	12.9 e	16.8 e	10.2 	-4.5 	5.2 	11.5 p	18.6 p	12.5 	16.4 	-23.1 	-45.1 	17.6 	72.8 	50.6 	36.7 	29.6 	21.8 	4.8 	9.3 	: 	: 	: 	: 	: 	: 	: 	: 	: 	: 	: 
WAGE,F,NSA,PCH_SM,ME	: 	: 	-0.3 	-2.3 	4.9 	-2.4 	1.0 	4.0 	-9.6 	18.2 	-2.0 	-7.9 	17.6 	6.3 	24.5 	39.7 	56.7 e	42.2 e	-14.5 e	-9.4 e	78.5 e	0.7 e	: 	: 	: 	: 	: 	: 	: 	: 	: 	: 	: 
WAGE,F,NSA,PCH_SM,MK	: 	: 	8.9 	7.4 	6.0 	-2.0 	10.3 	4.8 	7.2 	5.1 	2.4 	2.1 	: 	: 	: 	: 	: 	: 	: 	: 	: 	: 	: 	: 	: 	: 	: 	: 	: 	: 	: 	: 	: 
WAGE,F,NSA,PCH_SM,MT	: 	: 	5.1 p	14.0 p	2.8 	-7.3 	4.2 	11.9 	1.2 	-7.0 	-0.5 	-0.3 	-3.6 	-3.4 	-1.7 	10.0 	-0.7 	-2.6 	-2.4 	0.1 	1.4 	2.8 	: 	: 	: 	: 	: 	: 	: 	: 	: 	: 	: 
WAGE,F,NSA,PCH_SM,NL	: 	: 	4.0 p	5.3 p	5.3 	4.2 	2.7 	-1.5 	-5.6 	-6.8 	-1.6 	-0.4 	-2.3 	0.8 	4.3 	4.5 	3.1 	0.9 	-0.3 	-0.8 	3.8 	8.0 	7.1 	7.8 	1.2 	6.0 	3.1 	: 	: 	: 	: 	: 	: 
WAGE,F,NSA,PCH_SM,NO	: 	: 	1.8 p	6.1 p	7.2 p	9.2 p	5.5 	5.4 	5.4 	7.3 	8.8 	3.1 	7.0 	-5.4 	10.5 	16.1 	12.9 	9.0 	6.4 	8.1 	7.7 	7.4 	3.2 	10.4 	15.7 	18.7 	: 	: 	: 	: 	: 	: 	: 
WAGE,F,NSA,PCH_SM,PL	: 	: 	4.1 	10.8 	13.5 	7.6 	3.4 	-1.5 	-3.2 	-7.8 	2.1 	12.1 	3.9 	7.8 	19.3 	25.2 	14.0 	16.8 	-6.1 	-14.2 	-9.8 	-3.5 	: 	: 	: 	: 	: 	: 	: 	: 	: 	: 	: 
WAGE,F,NSA,PCH_SM,PT	: 	: 	-1.5 	6.0 	4.0 	1.7 	-4.8 	-2.8 	-9.1 	-14.2 	-15.9 	-11.6 	-9.3 	-5.5 	5.5 	4.1 	1.2 	-3.9 	5.7 	-3.9 	5.0 	9.8 	: 	: 	: 	: 	: 	: 	: 	: 	: 	: 	: 
WAGE,F,NSA,PCH_SM,RO	: 	: 	8.3 	25.5 	49.7 	8.9 	19.7 	13.0 	-2.4 	0.4 	10.4 	5.7 	-11.9 	-10.4 	30.5 	41.4 	19.6 	30.5 	10.0 	28.6 	26.8 	48.4 	: 	: 	: 	: 	: 	: 	: 	: 	: 	: 	: 
WAGE,F,NSA,PCH_SM,RS	: 	: 	6.5 	13.4 	8.3 	1.9 	-4.2 	7.9 	1.9 	1.2 	3.5 	8.6 e	4.9 e	4.7 e	17.8 e	16.4 e	21.2 e	19.7 e	20.4 e	31.6 e	67.4 e	119.0 e	: 	: 	: 	: 	: 	: 	: 	: 	: 	: 	: 
WAGE,F,NSA,PCH_SM,SE	: 	: 	-3.1 e	8.5 e	6.0 e	4.3 e	8.2 e	8.7 e	3.6 e	4.8 e	8.0 e	7.8 e	2.0 e	0.0 e	9.2 e	14.8 e	9.2 e	4.4 e	0.6 e	4.2 e	5.8 e	9.5 e	: 	: 	: 	: 	: 	: 	: 	: 	: 	: 	: 
WAGE,F,NSA,PCH_SM,SI	: 	: 	6.0 	2.3 	4.2 	2.6 	1.4 	-0.5 	-0.1 	-2.0 	-2.5 	1.8 	4.6 	1.1 	7.6 	6.6 	6.4 	2.6 	6.8 	8.6 	9.4 	8.5 	: 	: 	: 	: 	: 	: 	: 	: 	: 	: 	: 
WAGE,F,NSA,PCH_SM,SK	: 	: 	-3.6 	12.7 	10.8 	6.0 	4.7 	4.5 	-1.8 	-3.2 	-4.2 	-0.3 	-0.3 	1.5 	16.2 	12.6 	11.8 	13.0 	9.8 	6.1 	3.8 	0.8 	: 	: 	: 	: 	: 	: 	: 	: 	: 	: 	: 
WAGE,F,NSA,PCH_SM,TR	: 	: 	5.4 	-6.2 	13.2 	15.0 	28.3 	17.9 	15.8 	20.4 	28.5 	29.6 	24.6 	-52.3 	9.8 	9.8 	28.2 	: 	: 	: 	: 	: 	: 	: 	: 	: 	: 	: 	: 	: 	: 	: 	: 
WAGE,F,NSA,PCH_SM,UK	: 	: 	: 	7.6 	7.7 	6.4 	7.4 	5.6 	4.4 	-0.8 	-1.1 	-0.9 	-4.2 	-2.0 	6.9 	13.3 	11.1 	5.1 	-0.3 	3.1 	14.0 	15.4 	: 	: 	: 	: 	: 	: 	: 	: 	: 	: 	: 
